id,label,doid,url
2385,autosomal dominant keratitis,DOID:0111383,http://purl.obolibrary.org/obo/DOID_0111383
3471,renal hypomagnesemia 5 with ocular involvement,DOID:0060881,http://purl.obolibrary.org/obo/DOID_0060881
2937,lung abscess,DOID:0060317,http://purl.obolibrary.org/obo/DOID_0060317
103,spina bifida occulta,DOID:0080073,http://purl.obolibrary.org/obo/DOID_0080073
185,schizophrenia 9,DOID:0070085,http://purl.obolibrary.org/obo/DOID_0070085
8537,vertebral anomalies and variable endocrine and T-cell dysfunction,DOID:0070345,http://purl.obolibrary.org/obo/DOID_0070345
1218,liver cirrhosis,DOID:5082,http://purl.obolibrary.org/obo/DOID_5082
2456,myocardium cancer,DOID:9299,http://purl.obolibrary.org/obo/DOID_9299
8116,acute pancreatitis,DOID:2913,http://purl.obolibrary.org/obo/DOID_2913
5790,familial episodic pain syndrome 1,DOID:0111729,http://purl.obolibrary.org/obo/DOID_0111729
9048,hyperhomocysteinemia,DOID:9279,http://purl.obolibrary.org/obo/DOID_9279
3685,amyotrophic lateral sclerosis type 19,DOID:0060210,http://purl.obolibrary.org/obo/DOID_0060210
8209,Peters plus syndrome,DOID:0080201,http://purl.obolibrary.org/obo/DOID_0080201
3338,amelogenesis imperfecta type 1A,DOID:0110054,http://purl.obolibrary.org/obo/DOID_0110054
4770,notochordal cancer,DOID:3303,http://purl.obolibrary.org/obo/DOID_3303
6814,Bartholin's gland squamous cell carcinoma,DOID:6961,http://purl.obolibrary.org/obo/DOID_6961
5144,ovarian large-cell neuroendocrine carcinoma,DOID:4555,http://purl.obolibrary.org/obo/DOID_4555
3389,decubitus ulcer,DOID:8717,http://purl.obolibrary.org/obo/DOID_8717
3268,diabetic polyneuropathy,DOID:12785,http://purl.obolibrary.org/obo/DOID_12785
2161,alopecia-mental retardation syndrome 1,DOID:0080628,http://purl.obolibrary.org/obo/DOID_0080628
8902,multiple mitochondrial dysfunctions syndrome 5,DOID:0080274,http://purl.obolibrary.org/obo/DOID_0080274
5158,hereditary sensory and autonomic neuropathy type 2A,DOID:0070155,http://purl.obolibrary.org/obo/DOID_0070155
6902,familial atrial fibrillation,DOID:0050650,http://purl.obolibrary.org/obo/DOID_0050650
8623,impotence,DOID:1875,http://purl.obolibrary.org/obo/DOID_1875
4201,glioblastoma neural subtype,DOID:0050806,http://purl.obolibrary.org/obo/DOID_0050806
7988,serous surface papilloma,DOID:2614,http://purl.obolibrary.org/obo/DOID_2614
8126,botulism,DOID:11976,http://purl.obolibrary.org/obo/DOID_11976
9596,urethritis,DOID:1343,http://purl.obolibrary.org/obo/DOID_1343
1489,mixed glioma,DOID:5076,http://purl.obolibrary.org/obo/DOID_5076
6953,PSAT deficiency,DOID:0050723,http://purl.obolibrary.org/obo/DOID_0050723
5127,autosomal dominant nonsyndromic deafness 71,DOID:0080267,http://purl.obolibrary.org/obo/DOID_0080267
4200,gestational diabetes,DOID:11714,http://purl.obolibrary.org/obo/DOID_11714
4185,balantidiasis,DOID:12386,http://purl.obolibrary.org/obo/DOID_12386
4879,congenital myopathy,DOID:0080100,http://purl.obolibrary.org/obo/DOID_0080100
8533,fat necrosis of breast,DOID:10691,http://purl.obolibrary.org/obo/DOID_10691
8840,otitis media,DOID:10754,http://purl.obolibrary.org/obo/DOID_10754
4546,punctate palmoplantar keratoderma type II,DOID:0080213,http://purl.obolibrary.org/obo/DOID_0080213
4934,congenital stationary night blindness 1D,DOID:0110868,http://purl.obolibrary.org/obo/DOID_0110868
8473,venous insufficiency,DOID:10128,http://purl.obolibrary.org/obo/DOID_10128
1704,primary pulmonary hypertension,DOID:14557,http://purl.obolibrary.org/obo/DOID_14557
3260,granular cell tumor,DOID:2411,http://purl.obolibrary.org/obo/DOID_2411
4954,autosomal dominant nonsyndromic deafness 34,DOID:0080270,http://purl.obolibrary.org/obo/DOID_0080270
2418,genetic disease,DOID:630,http://purl.obolibrary.org/obo/DOID_630
7211,cataract 6 multiple types,DOID:0110229,http://purl.obolibrary.org/obo/DOID_0110229
106,Flinders Island spotted fever,DOID:0050047,http://purl.obolibrary.org/obo/DOID_0050047
1333,benign dermal neurilemmoma,DOID:7181,http://purl.obolibrary.org/obo/DOID_7181
642,lung clear cell-sugar-tumor,DOID:5763,http://purl.obolibrary.org/obo/DOID_5763
7046,autosomal dominant nonsyndromic deafness 58,DOID:0110582,http://purl.obolibrary.org/obo/DOID_0110582
531,congenital adrenal insufficiency,DOID:0050546,http://purl.obolibrary.org/obo/DOID_0050546
244,autosomal recessive cutis laxa type IIA,DOID:0070134,http://purl.obolibrary.org/obo/DOID_0070134
1207,Alzheimer's disease 18,DOID:0110050,http://purl.obolibrary.org/obo/DOID_0110050
2151,X-linked ichthyosis,DOID:1700,http://purl.obolibrary.org/obo/DOID_1700
4241,intracranial aneurysm,DOID:10941,http://purl.obolibrary.org/obo/DOID_10941
4763,peripheral vertigo,DOID:9847,http://purl.obolibrary.org/obo/DOID_9847
6916,ceruminoma,DOID:7549,http://purl.obolibrary.org/obo/DOID_7549
1049,nemaline myopathy 6,DOID:0110935,http://purl.obolibrary.org/obo/DOID_0110935
1290,urethral syndrome,DOID:13498,http://purl.obolibrary.org/obo/DOID_13498
1736,"46,XY sex reversal 7",DOID:0111774,http://purl.obolibrary.org/obo/DOID_0111774
3311,embryonal cancer,DOID:688,http://purl.obolibrary.org/obo/DOID_688
4282,kidney leiomyosarcoma,DOID:5287,http://purl.obolibrary.org/obo/DOID_5287
3588,adenomatoid tumor,DOID:746,http://purl.obolibrary.org/obo/DOID_746
4093,congenital mirror movement disorder,DOID:0111153,http://purl.obolibrary.org/obo/DOID_0111153
45,anal margin squamous cell carcinoma,DOID:12239,http://purl.obolibrary.org/obo/DOID_12239
4799,Brucella suis brucellosis,DOID:11076,http://purl.obolibrary.org/obo/DOID_11076
5320,Warburg micro syndrome,DOID:0060237,http://purl.obolibrary.org/obo/DOID_0060237
1436,spastic diplegia,DOID:10965,http://purl.obolibrary.org/obo/DOID_10965
6040,pseudomyxoma peritonei,DOID:3559,http://purl.obolibrary.org/obo/DOID_3559
1178,muscular dystrophy-dystroglycanopathy,DOID:0050588,http://purl.obolibrary.org/obo/DOID_0050588
9091,liver benign neoplasm,DOID:916,http://purl.obolibrary.org/obo/DOID_916
134,congenital myasthenic syndrome 3B,DOID:0110665,http://purl.obolibrary.org/obo/DOID_0110665
1011,patulous eustachian tube,DOID:12358,http://purl.obolibrary.org/obo/DOID_12358
5007,lymph node tuberculosis,DOID:4889,http://purl.obolibrary.org/obo/DOID_4889
7025,cataract 29,DOID:0110232,http://purl.obolibrary.org/obo/DOID_0110232
7165,Treacher Collins syndrome,DOID:2908,http://purl.obolibrary.org/obo/DOID_2908
9009,familial cold autoinflammatory syndrome 3,DOID:0090064,http://purl.obolibrary.org/obo/DOID_0090064
8672,large congenital melanocytic nevus,DOID:0111359,http://purl.obolibrary.org/obo/DOID_0111359
4459,steroid inherited metabolic disorder,DOID:1701,http://purl.obolibrary.org/obo/DOID_1701
8399,parathyroid transitional clear cell adenoma,DOID:7609,http://purl.obolibrary.org/obo/DOID_7609
587,type 1 diabetes mellitus 3,DOID:0110742,http://purl.obolibrary.org/obo/DOID_0110742
994,hyperphosphatemia,DOID:0050459,http://purl.obolibrary.org/obo/DOID_0050459
8498,spinal cord melanoma,DOID:14151,http://purl.obolibrary.org/obo/DOID_14151
3357,Charcot-Marie-Tooth disease axonal type 2S,DOID:0110171,http://purl.obolibrary.org/obo/DOID_0110171
956,alcoholic pancreatitis,DOID:4988,http://purl.obolibrary.org/obo/DOID_4988
9562,generalized epilepsy with febrile seizures plus 4,DOID:0111293,http://purl.obolibrary.org/obo/DOID_0111293
5579,sulfhemoglobinemia,DOID:12451,http://purl.obolibrary.org/obo/DOID_12451
8390,adult central nervous system germinoma,DOID:7867,http://purl.obolibrary.org/obo/DOID_7867
5227,pituitary apoplexy,DOID:1129,http://purl.obolibrary.org/obo/DOID_1129
8659,spinocerebellar ataxia type 37,DOID:0050984,http://purl.obolibrary.org/obo/DOID_0050984
5081,pineal region immature teratoma,DOID:6858,http://purl.obolibrary.org/obo/DOID_6858
5348,autosomal dominant nonsyndromic deafness 41,DOID:0110567,http://purl.obolibrary.org/obo/DOID_0110567
5521,complement component 4a deficiency,DOID:0060297,http://purl.obolibrary.org/obo/DOID_0060297
6855,Charcot-Marie-Tooth disease type 4D,DOID:0110186,http://purl.obolibrary.org/obo/DOID_0110186
5016,pinta disease,DOID:1022,http://purl.obolibrary.org/obo/DOID_1022
891,Munchausen by proxy,DOID:0060045,http://purl.obolibrary.org/obo/DOID_0060045
4589,teeth hard tissue disease,DOID:214,http://purl.obolibrary.org/obo/DOID_214
3353,congenital myasthenic syndrome 6,DOID:0110671,http://purl.obolibrary.org/obo/DOID_0110671
4429,acrofacial dysostosis Rodriguez type,DOID:0060383,http://purl.obolibrary.org/obo/DOID_0060383
1116,mast-cell sarcoma,DOID:355,http://purl.obolibrary.org/obo/DOID_355
6417,chronic polyneuropathy,DOID:5221,http://purl.obolibrary.org/obo/DOID_5221
4873,frontal convexity meningioma,DOID:8000,http://purl.obolibrary.org/obo/DOID_8000
8841,heroin dependence,DOID:9976,http://purl.obolibrary.org/obo/DOID_9976
6067,autosomal recessive nonsyndromic deafness 30,DOID:0110489,http://purl.obolibrary.org/obo/DOID_0110489
6319,X-linked exudative vitreoretinopathy 2,DOID:0111413,http://purl.obolibrary.org/obo/DOID_0111413
2675,lung mucoepidermoid carcinoma,DOID:0050932,http://purl.obolibrary.org/obo/DOID_0050932
4289,mulibrey nanism,DOID:0050436,http://purl.obolibrary.org/obo/DOID_0050436
6455,autonomic neuropathy,DOID:11504,http://purl.obolibrary.org/obo/DOID_11504
1956,type 1 diabetes mellitus 15,DOID:0110753,http://purl.obolibrary.org/obo/DOID_0110753
5926,testis refractory cancer,DOID:7928,http://purl.obolibrary.org/obo/DOID_7928
8357,cicatricial pemphigoid,DOID:11656,http://purl.obolibrary.org/obo/DOID_11656
2927,endometrial adenocarcinoma,DOID:2870,http://purl.obolibrary.org/obo/DOID_2870
7020,early infantile epileptic encephalopathy 21,DOID:0080443,http://purl.obolibrary.org/obo/DOID_0080443
375,chronic eustachian salpingitis,DOID:1999,http://purl.obolibrary.org/obo/DOID_1999
505,atrial heart septal defect 1,DOID:0110106,http://purl.obolibrary.org/obo/DOID_0110106
5340,pancreatic non-invasive intraductal papillary-mucinous carcinoma,DOID:7685,http://purl.obolibrary.org/obo/DOID_7685
9817,gastroesophageal cancer,DOID:0080374,http://purl.obolibrary.org/obo/DOID_0080374
6476,Kearns-Sayre syndrome,DOID:12934,http://purl.obolibrary.org/obo/DOID_12934
913,benign shuddering attacks,DOID:1713,http://purl.obolibrary.org/obo/DOID_1713
8380,thyroid sarcoma,DOID:4515,http://purl.obolibrary.org/obo/DOID_4515
6092,proliferative fasciitis,DOID:9599,http://purl.obolibrary.org/obo/DOID_9599
6254,bile duct cystadenocarcinoma,DOID:4075,http://purl.obolibrary.org/obo/DOID_4075
3276,hepatic coma,DOID:12550,http://purl.obolibrary.org/obo/DOID_12550
6622,scapuloperoneal myopathy,DOID:0060253,http://purl.obolibrary.org/obo/DOID_0060253
499,viral labyrinthitis,DOID:12357,http://purl.obolibrary.org/obo/DOID_12357
1778,mitochondrial complex V (ATP synthase) deficiency nuclear type 3,DOID:0060332,http://purl.obolibrary.org/obo/DOID_0060332
7740,prostate disease,DOID:47,http://purl.obolibrary.org/obo/DOID_47
9282,ureter transitional cell carcinoma,DOID:6888,http://purl.obolibrary.org/obo/DOID_6888
8083,choreaacanthocytosis,DOID:0050766,http://purl.obolibrary.org/obo/DOID_0050766
2144,autosomal recessive limb-girdle muscular dystrophy type 2N,DOID:0110298,http://purl.obolibrary.org/obo/DOID_0110298
3656,X-linked deafness 6,DOID:0111740,http://purl.obolibrary.org/obo/DOID_0111740
4655,brain oligodendroglioma,DOID:3187,http://purl.obolibrary.org/obo/DOID_3187
1945,nonsyndromic congenital nail disorder 7,DOID:0080085,http://purl.obolibrary.org/obo/DOID_0080085
3085,gastrin secretion abnormality,DOID:13656,http://purl.obolibrary.org/obo/DOID_13656
4960,pancreatic steatorrhea,DOID:10610,http://purl.obolibrary.org/obo/DOID_10610
7578,West Nile encephalitis,DOID:2365,http://purl.obolibrary.org/obo/DOID_2365
4164,chronic duodenal ileus,DOID:13687,http://purl.obolibrary.org/obo/DOID_13687
9005,ovarian dysgenesis 7,DOID:0080499,http://purl.obolibrary.org/obo/DOID_0080499
8794,Fanconi anemia,DOID:13636,http://purl.obolibrary.org/obo/DOID_13636
2359,lip disease,DOID:9297,http://purl.obolibrary.org/obo/DOID_9297
5718,cardiofaciocutaneous syndrome 2,DOID:0111461,http://purl.obolibrary.org/obo/DOID_0111461
961,hereditary spastic paraplegia 4,DOID:0110792,http://purl.obolibrary.org/obo/DOID_0110792
9508,brain glioma,DOID:0060108,http://purl.obolibrary.org/obo/DOID_0060108
2710,hereditary spastic paraplegia 8,DOID:0110823,http://purl.obolibrary.org/obo/DOID_0110823
9192,sebaceous breast carcinoma,DOID:5760,http://purl.obolibrary.org/obo/DOID_5760
1316,geleophysic dysplasia,DOID:0111724,http://purl.obolibrary.org/obo/DOID_0111724
6773,Felty's syndrome,DOID:11042,http://purl.obolibrary.org/obo/DOID_11042
523,hemorrhoid,DOID:9746,http://purl.obolibrary.org/obo/DOID_9746
2512,central nervous system angiosarcoma,DOID:4504,http://purl.obolibrary.org/obo/DOID_4504
9619,choriocarcinoma of ovary,DOID:5550,http://purl.obolibrary.org/obo/DOID_5550
8625,early infantile epileptic encephalopathy 66,DOID:0080446,http://purl.obolibrary.org/obo/DOID_0080446
6055,extrahepatic bile duct lipoma,DOID:10209,http://purl.obolibrary.org/obo/DOID_10209
1602,combined oxidative phosphorylation deficiency 15,DOID:0111491,http://purl.obolibrary.org/obo/DOID_0111491
8260,rete ovarii benign neoplasm,DOID:4895,http://purl.obolibrary.org/obo/DOID_4895
9555,breast granular cell tumor,DOID:3011,http://purl.obolibrary.org/obo/DOID_3011
1577,pancreatic cholera,DOID:6977,http://purl.obolibrary.org/obo/DOID_6977
4564,ovarian cystic teratoma,DOID:5118,http://purl.obolibrary.org/obo/DOID_5118
2403,Charcot-Marie-Tooth disease X-linked recessive 2,DOID:0110208,http://purl.obolibrary.org/obo/DOID_0110208
1590,ovarian hyperstimulation syndrome,DOID:5425,http://purl.obolibrary.org/obo/DOID_5425
1868,epidural spinal canal neoplasm,DOID:3618,http://purl.obolibrary.org/obo/DOID_3618
9970,Plasmodium vivax malaria,DOID:12978,http://purl.obolibrary.org/obo/DOID_12978
4591,autosomal recessive spinocerebellar ataxia 23,DOID:0111613,http://purl.obolibrary.org/obo/DOID_0111613
8981,neurofibromatosis,DOID:8712,http://purl.obolibrary.org/obo/DOID_8712
881,Alagille syndrome,DOID:9245,http://purl.obolibrary.org/obo/DOID_9245
194,miliaria crystallina,DOID:0070321,http://purl.obolibrary.org/obo/DOID_0070321
5225,salpingo-oophoritis,DOID:10972,http://purl.obolibrary.org/obo/DOID_10972
1509,nonprogressive cerebellar ataxia with mental retardation,DOID:0050998,http://purl.obolibrary.org/obo/DOID_0050998
1820,cleft lip,DOID:9296,http://purl.obolibrary.org/obo/DOID_9296
8087,nephronophthisis 15,DOID:0111123,http://purl.obolibrary.org/obo/DOID_0111123
467,sulfasalazine allergy,DOID:0040035,http://purl.obolibrary.org/obo/DOID_0040035
9459,juvenile dermatitis herpetiformis,DOID:8507,http://purl.obolibrary.org/obo/DOID_8507
825,xeroderma pigmentosum group B,DOID:0110850,http://purl.obolibrary.org/obo/DOID_0110850
1070,disease of cellular proliferation,DOID:14566,http://purl.obolibrary.org/obo/DOID_14566
704,Foster-Kennedy syndrome,DOID:14555,http://purl.obolibrary.org/obo/DOID_14555
1925,autosomal recessive mental retardation 61,DOID:0080239,http://purl.obolibrary.org/obo/DOID_0080239
5489,endomyocardial fibrosis,DOID:12932,http://purl.obolibrary.org/obo/DOID_12932
4030,pediatric liposarcoma,DOID:5695,http://purl.obolibrary.org/obo/DOID_5695
2738,malignant neoplasm of short bones of lower limb,DOID:10151,http://purl.obolibrary.org/obo/DOID_10151
1546,Meier-Gorlin syndrome,DOID:0060306,http://purl.obolibrary.org/obo/DOID_0060306
8350,Borst-Jadassohn intraepidermal carcinoma,DOID:7039,http://purl.obolibrary.org/obo/DOID_7039
3501,vulvar inverted follicular keratosis,DOID:6943,http://purl.obolibrary.org/obo/DOID_6943
3427,gnathodiaphyseal dysplasia,DOID:0111533,http://purl.obolibrary.org/obo/DOID_0111533
9851,idiopathic juvenile osteoporosis,DOID:12559,http://purl.obolibrary.org/obo/DOID_12559
9927,arrhythmogenic right ventricular cardiomyopathy,DOID:0050431,http://purl.obolibrary.org/obo/DOID_0050431
1060,micropapillary variant infiltrating bladder urothelial carcinoma,DOID:6976,http://purl.obolibrary.org/obo/DOID_6976
5511,paraganglioma,DOID:0050773,http://purl.obolibrary.org/obo/DOID_0050773
6104,digenic disease,DOID:0080578,http://purl.obolibrary.org/obo/DOID_0080578
2391,cervix squamous papilloma,DOID:9445,http://purl.obolibrary.org/obo/DOID_9445
931,Reye syndrome,DOID:14525,http://purl.obolibrary.org/obo/DOID_14525
5915,Usher syndrome,DOID:0050439,http://purl.obolibrary.org/obo/DOID_0050439
3335,amyotrophic lateral sclerosis type 15,DOID:0060206,http://purl.obolibrary.org/obo/DOID_0060206
9980,spindle cell sarcoma,DOID:4235,http://purl.obolibrary.org/obo/DOID_4235
4130,female reproductive endometrioid cancer,DOID:3001,http://purl.obolibrary.org/obo/DOID_3001
4111,prolymphocytic leukemia,DOID:1039,http://purl.obolibrary.org/obo/DOID_1039
5295,atrichia with papular lesions,DOID:0060689,http://purl.obolibrary.org/obo/DOID_0060689
876,familial temporal lobe epilepsy 2,DOID:0060755,http://purl.obolibrary.org/obo/DOID_0060755
6528,pediatric CNS embryonal cell carcinoma,DOID:7231,http://purl.obolibrary.org/obo/DOID_7231
4586,X-linked dyskeratosis congenita,DOID:0070025,http://purl.obolibrary.org/obo/DOID_0070025
5023,cardiofaciocutaneous syndrome 1,DOID:0111460,http://purl.obolibrary.org/obo/DOID_0111460
4081,dominant optic atrophy plus syndrome,DOID:0111340,http://purl.obolibrary.org/obo/DOID_0111340
820,hemochromatosis type 3,DOID:0111030,http://purl.obolibrary.org/obo/DOID_0111030
2116,extramedullary plasmacytoma,DOID:3720,http://purl.obolibrary.org/obo/DOID_3720
7425,anterolateral myocardial infarction,DOID:5845,http://purl.obolibrary.org/obo/DOID_5845
3607,thyroid gland adenocarcinoma,DOID:0080524,http://purl.obolibrary.org/obo/DOID_0080524
9652,ovarian germ cell cancer,DOID:2156,http://purl.obolibrary.org/obo/DOID_2156
4293,glycoproteinosis,DOID:3343,http://purl.obolibrary.org/obo/DOID_3343
6333,Charcot-Marie-Tooth disease type 1,DOID:0050538,http://purl.obolibrary.org/obo/DOID_0050538
9404,Joubert syndrome 30,DOID:0080275,http://purl.obolibrary.org/obo/DOID_0080275
6874,autosomal recessive nonsyndromic deafness 42,DOID:0110500,http://purl.obolibrary.org/obo/DOID_0110500
783,autosomal recessive nonsyndromic deafness 57,DOID:0111635,http://purl.obolibrary.org/obo/DOID_0111635
2452,dengue hemorrhagic fever,DOID:12206,http://purl.obolibrary.org/obo/DOID_12206
5494,atopic dermatitis 4,DOID:0110100,http://purl.obolibrary.org/obo/DOID_0110100
6556,abducens nerve disease,DOID:10865,http://purl.obolibrary.org/obo/DOID_10865
6470,hereditary spastic paraplegia 49,DOID:0110801,http://purl.obolibrary.org/obo/DOID_0110801
5593,autosomal recessive spinocerebellar ataxia 24,DOID:0111615,http://purl.obolibrary.org/obo/DOID_0111615
9135,essential tremor 3,DOID:0111430,http://purl.obolibrary.org/obo/DOID_0111430
8359,anus cancer,DOID:14110,http://purl.obolibrary.org/obo/DOID_14110
7713,hereditary sensory neuropathy type 1B,DOID:0070148,http://purl.obolibrary.org/obo/DOID_0070148
4068,reticulosarcoma,DOID:8538,http://purl.obolibrary.org/obo/DOID_8538
3597,Parkinson's disease 8,DOID:0060371,http://purl.obolibrary.org/obo/DOID_0060371
1005,acquired night blindness,DOID:11491,http://purl.obolibrary.org/obo/DOID_11491
4807,pilocytic astrocytoma,DOID:4851,http://purl.obolibrary.org/obo/DOID_4851
6119,lissencephaly,DOID:0050453,http://purl.obolibrary.org/obo/DOID_0050453
4756,cone-rod dystrophy 5,DOID:0111010,http://purl.obolibrary.org/obo/DOID_0111010
6109,complete generalized lipodystrophy,DOID:0080298,http://purl.obolibrary.org/obo/DOID_0080298
7247,beach ear,DOID:10518,http://purl.obolibrary.org/obo/DOID_10518
988,lichen nitidus,DOID:8573,http://purl.obolibrary.org/obo/DOID_8573
6252,intracranial arteriosclerosis,DOID:13097,http://purl.obolibrary.org/obo/DOID_13097
6198,hypervitaminosis D,DOID:9971,http://purl.obolibrary.org/obo/DOID_9971
1917,visual cortex disease,DOID:5691,http://purl.obolibrary.org/obo/DOID_5691
2876,bladder adenocarcinoma,DOID:3711,http://purl.obolibrary.org/obo/DOID_3711
7927,labia minora carcinoma,DOID:1293,http://purl.obolibrary.org/obo/DOID_1293
7920,megalencephalic leukoencephalopathy with subcortical cysts 1,DOID:0080316,http://purl.obolibrary.org/obo/DOID_0080316
463,nemaline myopathy,DOID:3191,http://purl.obolibrary.org/obo/DOID_3191
220,cortical deafness,DOID:0060140,http://purl.obolibrary.org/obo/DOID_0060140
3467,osteogenesis imperfecta type 3,DOID:0110339,http://purl.obolibrary.org/obo/DOID_0110339
7138,Charcot-Marie-Tooth disease axonal type 2V,DOID:0110178,http://purl.obolibrary.org/obo/DOID_0110178
5501,Pacinian tumor,DOID:2669,http://purl.obolibrary.org/obo/DOID_2669
4800,cervical serous adenocarcinoma,DOID:5752,http://purl.obolibrary.org/obo/DOID_5752
1471,retinitis pigmentosa 41,DOID:0110376,http://purl.obolibrary.org/obo/DOID_0110376
2767,autosomal dominant non-syndromic intellectual disability 24,DOID:0070054,http://purl.obolibrary.org/obo/DOID_0070054
8442,pelvic varices,DOID:9742,http://purl.obolibrary.org/obo/DOID_9742
718,acanthocephaliasis,DOID:0050254,http://purl.obolibrary.org/obo/DOID_0050254
6156,nephrotic syndrome type 10,DOID:0080386,http://purl.obolibrary.org/obo/DOID_0080386
5268,small intestine diverticulitis,DOID:11223,http://purl.obolibrary.org/obo/DOID_11223
6568,granulomatous endometritis,DOID:4561,http://purl.obolibrary.org/obo/DOID_4561
6132,autosomal dominant nonsyndromic deafness 73,DOID:0080269,http://purl.obolibrary.org/obo/DOID_0080269
9223,retinitis pigmentosa 12,DOID:0110358,http://purl.obolibrary.org/obo/DOID_0110358
1933,centronuclear myopathy 6 with fiber-type disproportion,DOID:0111221,http://purl.obolibrary.org/obo/DOID_0111221
2106,combined oxidative phosphorylation deficiency 32,DOID:0111492,http://purl.obolibrary.org/obo/DOID_0111492
8298,lower gum cancer,DOID:9125,http://purl.obolibrary.org/obo/DOID_9125
8465,dystonia 23,DOID:0090051,http://purl.obolibrary.org/obo/DOID_0090051
7109,lipoid proteinosis,DOID:14498,http://purl.obolibrary.org/obo/DOID_14498
3961,childhood ovarian embryonal carcinoma,DOID:8036,http://purl.obolibrary.org/obo/DOID_8036
7273,congenital stationary night blindness 1E,DOID:0110869,http://purl.obolibrary.org/obo/DOID_0110869
9235,familial hemophagocytic lymphohistiocytosis 3,DOID:0110923,http://purl.obolibrary.org/obo/DOID_0110923
4846,secondary hyperparathyroidism of renal origin,DOID:12465,http://purl.obolibrary.org/obo/DOID_12465
8819,cutaneous anthrax,DOID:7426,http://purl.obolibrary.org/obo/DOID_7426
4715,early infantile epileptic encephalopathy 40,DOID:0080427,http://purl.obolibrary.org/obo/DOID_0080427
59,myxosarcoma,DOID:4136,http://purl.obolibrary.org/obo/DOID_4136
6392,progressive familial intrahepatic cholestasis 1,DOID:0070226,http://purl.obolibrary.org/obo/DOID_0070226
4170,trypanosomiasis,DOID:10113,http://purl.obolibrary.org/obo/DOID_10113
8379,NGLY1-deficiency,DOID:0060728,http://purl.obolibrary.org/obo/DOID_0060728
9969,deep leiomyoma,DOID:5128,http://purl.obolibrary.org/obo/DOID_5128
5497,hand dermatosis,DOID:3158,http://purl.obolibrary.org/obo/DOID_3158
6454,dentatorubral-pallidoluysian atrophy,DOID:0060162,http://purl.obolibrary.org/obo/DOID_0060162
6430,autosomal recessive osteopetrosis 6,DOID:0110945,http://purl.obolibrary.org/obo/DOID_0110945
4982,congenital myasthenic syndrome 17,DOID:0110674,http://purl.obolibrary.org/obo/DOID_0110674
6912,bronchiectasis,DOID:9563,http://purl.obolibrary.org/obo/DOID_9563
9006,uvula cancer,DOID:8635,http://purl.obolibrary.org/obo/DOID_8635
763,lysosomal storage disease,DOID:3211,http://purl.obolibrary.org/obo/DOID_3211
9533,Nasu-Hakola disease,DOID:0090112,http://purl.obolibrary.org/obo/DOID_0090112
5765,streptococcal meningitis,DOID:11574,http://purl.obolibrary.org/obo/DOID_11574
8194,distal 10q deletion syndrome,DOID:0060390,http://purl.obolibrary.org/obo/DOID_0060390
3359,congenital muscular dystrophy-dystroglycanopathy type A10,DOID:0111239,http://purl.obolibrary.org/obo/DOID_0111239
3623,lipid-rich breast carcinoma,DOID:7076,http://purl.obolibrary.org/obo/DOID_7076
6573,extra-adrenal pheochromocytoma,DOID:0050936,http://purl.obolibrary.org/obo/DOID_0050936
6303,primary eye hypotony,DOID:12349,http://purl.obolibrary.org/obo/DOID_12349
1961,carotid artery dissection,DOID:9348,http://purl.obolibrary.org/obo/DOID_9348
9660,X-linked agammaglobulinemia,DOID:14179,http://purl.obolibrary.org/obo/DOID_14179
373,chronic rhinitis,DOID:8252,http://purl.obolibrary.org/obo/DOID_8252
9238,holoprosencephaly 7,DOID:0110876,http://purl.obolibrary.org/obo/DOID_0110876
6253,Bardet-Biedl syndrome 5,DOID:0110127,http://purl.obolibrary.org/obo/DOID_0110127
1309,gyrate atrophy,DOID:1415,http://purl.obolibrary.org/obo/DOID_1415
7307,nasal cavity benign neoplasm,DOID:9310,http://purl.obolibrary.org/obo/DOID_9310
2625,regional ureteric cancer,DOID:14491,http://purl.obolibrary.org/obo/DOID_14491
2432,autosomal recessive nonsyndromic deafness 100,DOID:0111638,http://purl.obolibrary.org/obo/DOID_0111638
9589,urofacial syndrome,DOID:0050816,http://purl.obolibrary.org/obo/DOID_0050816
2792,root caries,DOID:14089,http://purl.obolibrary.org/obo/DOID_14089
1261,papillary serous adenocarcinoma,DOID:2632,http://purl.obolibrary.org/obo/DOID_2632
519,tetralogy of Fallot,DOID:6419,http://purl.obolibrary.org/obo/DOID_6419
9768,childhood cerebellar neoplasm,DOID:5059,http://purl.obolibrary.org/obo/DOID_5059
6226,infant botulism,DOID:0050354,http://purl.obolibrary.org/obo/DOID_0050354
4046,benign deep fibrous histiocytoma,DOID:4419,http://purl.obolibrary.org/obo/DOID_4419
1563,oculoglandular tularemia,DOID:13226,http://purl.obolibrary.org/obo/DOID_13226
2404,epididymal neoplasm,DOID:512,http://purl.obolibrary.org/obo/DOID_512
6182,emphysematous cholecystitis,DOID:9765,http://purl.obolibrary.org/obo/DOID_9765
8010,progesterone-receptor positive breast cancer,DOID:0060077,http://purl.obolibrary.org/obo/DOID_0060077
2862,neurogenic bowel,DOID:13419,http://purl.obolibrary.org/obo/DOID_13419
2567,alveolar echinococcosis,DOID:12148,http://purl.obolibrary.org/obo/DOID_12148
9004,parietal lobe ependymoma,DOID:0050903,http://purl.obolibrary.org/obo/DOID_0050903
6628,Charcot-Marie-Tooth disease type X,DOID:0050542,http://purl.obolibrary.org/obo/DOID_0050542
2693,fibroepithelial basal cell carcinoma,DOID:4291,http://purl.obolibrary.org/obo/DOID_4291
6835,myotonic cataract,DOID:82,http://purl.obolibrary.org/obo/DOID_82
1897,hypochondrogenesis,DOID:0080044,http://purl.obolibrary.org/obo/DOID_0080044
6289,aspiration pneumonitis,DOID:3240,http://purl.obolibrary.org/obo/DOID_3240
2335,orthostatic proteinuria,DOID:9617,http://purl.obolibrary.org/obo/DOID_9617
3723,cleft soft palate,DOID:0110214,http://purl.obolibrary.org/obo/DOID_0110214
3729,autosomal recessive nonsyndromic deafness 3,DOID:0110488,http://purl.obolibrary.org/obo/DOID_0110488
7916,autosomal recessive cutis laxa type IB,DOID:0070133,http://purl.obolibrary.org/obo/DOID_0070133
6887,polyembryoma of the ovary,DOID:6774,http://purl.obolibrary.org/obo/DOID_6774
2700,congenital myasthenic syndrome 15,DOID:0110658,http://purl.obolibrary.org/obo/DOID_0110658
357,Chapare hemorrhagic fever,DOID:0050198,http://purl.obolibrary.org/obo/DOID_0050198
6670,distal biliary tract carcinoma,DOID:5923,http://purl.obolibrary.org/obo/DOID_5923
1822,prostate small cell carcinoma,DOID:7141,http://purl.obolibrary.org/obo/DOID_7141
2078,Bardet-Biedl syndrome 9,DOID:0110131,http://purl.obolibrary.org/obo/DOID_0110131
7833,autosomal recessive nonsyndromic deafness 104,DOID:0110465,http://purl.obolibrary.org/obo/DOID_0110465
781,mixed cell type kidney Wilms' tumor,DOID:5179,http://purl.obolibrary.org/obo/DOID_5179
1958,familial partial lipodystrophy type 3,DOID:0070204,http://purl.obolibrary.org/obo/DOID_0070204
6967,larynx carcinoma in situ,DOID:9011,http://purl.obolibrary.org/obo/DOID_9011
8674,Lynch syndrome 1,DOID:0070271,http://purl.obolibrary.org/obo/DOID_0070271
2362,fruit allergy,DOID:0060503,http://purl.obolibrary.org/obo/DOID_0060503
1519,lower clivus meningioma,DOID:8239,http://purl.obolibrary.org/obo/DOID_8239
474,congenital nongoitrous hypothyroidism 2,DOID:0070124,http://purl.obolibrary.org/obo/DOID_0070124
3935,retinal vascular occlusion,DOID:1729,http://purl.obolibrary.org/obo/DOID_1729
1601,neonatal leukemia,DOID:7756,http://purl.obolibrary.org/obo/DOID_7756
2872,sweat gland benign neoplasm,DOID:2664,http://purl.obolibrary.org/obo/DOID_2664
5948,Schneiderian carcinoma,DOID:4003,http://purl.obolibrary.org/obo/DOID_4003
9512,post-cardiac arrest syndrome,DOID:0070306,http://purl.obolibrary.org/obo/DOID_0070306
9414,malignant histiocytic disease,DOID:2570,http://purl.obolibrary.org/obo/DOID_2570
9567,amyotrophic lateral sclerosis type 3,DOID:0060195,http://purl.obolibrary.org/obo/DOID_0060195
6847,mosaic variegated aneuploidy syndrome 1,DOID:0080141,http://purl.obolibrary.org/obo/DOID_0080141
6243,Pthirus pubis infestation,DOID:13760,http://purl.obolibrary.org/obo/DOID_13760
5724,Joubert syndrome 26,DOID:0110995,http://purl.obolibrary.org/obo/DOID_0110995
7453,breast fibrocystic disease,DOID:10354,http://purl.obolibrary.org/obo/DOID_10354
4218,autosomal dominant nonsyndromic deafness 3B,DOID:0110565,http://purl.obolibrary.org/obo/DOID_0110565
479,pyosalpinx,DOID:5732,http://purl.obolibrary.org/obo/DOID_5732
2364,microcystic meningioma,DOID:4594,http://purl.obolibrary.org/obo/DOID_4594
2598,cerebral primitive neuroectodermal tumor,DOID:7398,http://purl.obolibrary.org/obo/DOID_7398
98,3-Methylcrotonyl-CoA carboxylase deficiency,DOID:0050710,http://purl.obolibrary.org/obo/DOID_0050710
7604,granulomatous dermatitis,DOID:4397,http://purl.obolibrary.org/obo/DOID_4397
3183,fetal akinesia deformation sequence syndrome 3,DOID:0111376,http://purl.obolibrary.org/obo/DOID_0111376
858,peripheral osteosarcoma,DOID:3374,http://purl.obolibrary.org/obo/DOID_3374
4414,Japanese spotted fever,DOID:0050050,http://purl.obolibrary.org/obo/DOID_0050050
1104,X-linked lymphoproliferative syndrome 2,DOID:0060706,http://purl.obolibrary.org/obo/DOID_0060706
5971,gnathomiasis,DOID:11379,http://purl.obolibrary.org/obo/DOID_11379
2438,autosomal dominant nonsyndromic deafness 17,DOID:0110548,http://purl.obolibrary.org/obo/DOID_0110548
8395,cervix disease,DOID:2253,http://purl.obolibrary.org/obo/DOID_2253
7814,drug dependence,DOID:9974,http://purl.obolibrary.org/obo/DOID_9974
4265,mesenchymal chondrosarcoma,DOID:4545,http://purl.obolibrary.org/obo/DOID_4545
4590,chondromalacia patellae,DOID:13357,http://purl.obolibrary.org/obo/DOID_13357
6778,Y-linked spermatogenic failure 2,DOID:0070187,http://purl.obolibrary.org/obo/DOID_0070187
2463,maturity-onset diabetes of the young type 6,DOID:0111104,http://purl.obolibrary.org/obo/DOID_0111104
3716,hypoplastic or aplastic tibia with polydactyly,DOID:0111564,http://purl.obolibrary.org/obo/DOID_0111564
2185,childhood testicular mixed germ cell tumor,DOID:6161,http://purl.obolibrary.org/obo/DOID_6161
6479,pituitary hypoplasia,DOID:7378,http://purl.obolibrary.org/obo/DOID_7378
183,neutral lipid storage disease,DOID:0050729,http://purl.obolibrary.org/obo/DOID_0050729
3934,obsessive-compulsive personality disorder,DOID:10932,http://purl.obolibrary.org/obo/DOID_10932
5587,autosomal dominant nonsyndromic deafness 50,DOID:0110576,http://purl.obolibrary.org/obo/DOID_0110576
7345,serous labyrinthitis,DOID:1467,http://purl.obolibrary.org/obo/DOID_1467
7636,urinary bladder cancer,DOID:11054,http://purl.obolibrary.org/obo/DOID_11054
8532,spastic ataxia 4,DOID:0050943,http://purl.obolibrary.org/obo/DOID_0050943
2182,Charcot-Marie-Tooth disease dominant intermediate G,DOID:0080294,http://purl.obolibrary.org/obo/DOID_0080294
2416,Charcot-Marie-Tooth disease axonal type 2Z,DOID:0110181,http://purl.obolibrary.org/obo/DOID_0110181
8127,chronic tubotympanic suppurative otitis media,DOID:14435,http://purl.obolibrary.org/obo/DOID_14435
7961,kidney liposarcoma,DOID:5699,http://purl.obolibrary.org/obo/DOID_5699
1073,gallbladder small cell carcinoma,DOID:7133,http://purl.obolibrary.org/obo/DOID_7133
6336,deep angioma,DOID:469,http://purl.obolibrary.org/obo/DOID_469
8632,mucinous cystadenofibroma,DOID:6468,http://purl.obolibrary.org/obo/DOID_6468
7354,mixed epithelial tumor of ovary,DOID:6211,http://purl.obolibrary.org/obo/DOID_6211
8803,dilated cardiomyopathy 1D,DOID:0110426,http://purl.obolibrary.org/obo/DOID_0110426
6345,infant gynecomastia,DOID:11603,http://purl.obolibrary.org/obo/DOID_11603
5787,glucose intolerance,DOID:10603,http://purl.obolibrary.org/obo/DOID_10603
1988,acute infection of pinna,DOID:10520,http://purl.obolibrary.org/obo/DOID_10520
3655,peripheral vascular disease,DOID:341,http://purl.obolibrary.org/obo/DOID_341
4537,urinary bladder villous adenoma,DOID:5427,http://purl.obolibrary.org/obo/DOID_5427
6752,bladder diffuse clear cell adenocarcinoma,DOID:6210,http://purl.obolibrary.org/obo/DOID_6210
929,ampulla of Vater squamous cell carcinoma,DOID:5527,http://purl.obolibrary.org/obo/DOID_5527
1669,Langerhans-cell histiocytosis,DOID:2571,http://purl.obolibrary.org/obo/DOID_2571
4286,pancreatic serous cystadenocarcinoma,DOID:5751,http://purl.obolibrary.org/obo/DOID_5751
7015,uterine ligament adenocarcinoma,DOID:3700,http://purl.obolibrary.org/obo/DOID_3700
6315,long QT syndrome 3,DOID:0110646,http://purl.obolibrary.org/obo/DOID_0110646
3687,systemic mycosis,DOID:0050136,http://purl.obolibrary.org/obo/DOID_0050136
4378,fundus dystrophy,DOID:8501,http://purl.obolibrary.org/obo/DOID_8501
3664,migraine with aura,DOID:10024,http://purl.obolibrary.org/obo/DOID_10024
6737,chromosome 22q13 duplication syndrome,DOID:0060437,http://purl.obolibrary.org/obo/DOID_0060437
5396,Hennekam syndrome,DOID:0060366,http://purl.obolibrary.org/obo/DOID_0060366
617,childhood mediastinal neurogenic tumor,DOID:4690,http://purl.obolibrary.org/obo/DOID_4690
8882,dystonia,DOID:543,http://purl.obolibrary.org/obo/DOID_543
288,spindle cell lipoma,DOID:10184,http://purl.obolibrary.org/obo/DOID_10184
4802,Danon disease,DOID:0050437,http://purl.obolibrary.org/obo/DOID_0050437
9575,oculocutaneous albinism type IA,DOID:0070094,http://purl.obolibrary.org/obo/DOID_0070094
2208,ataxia with oculomotor apraxia type 2,DOID:0050755,http://purl.obolibrary.org/obo/DOID_0050755
4610,drug psychosis,DOID:1742,http://purl.obolibrary.org/obo/DOID_1742
7401,Galloway-Mowat syndrome 2,DOID:0080244,http://purl.obolibrary.org/obo/DOID_0080244
7433,anterograde amnesia,DOID:5340,http://purl.obolibrary.org/obo/DOID_5340
9507,melanotic neurilemmoma,DOID:3205,http://purl.obolibrary.org/obo/DOID_3205
6523,dilated cardiomyopathy 1M,DOID:0110449,http://purl.obolibrary.org/obo/DOID_0110449
5598,lateral meningocele syndrome,DOID:0111343,http://purl.obolibrary.org/obo/DOID_0111343
3684,adult acute lymphocytic leukemia,DOID:5604,http://purl.obolibrary.org/obo/DOID_5604
1322,gastrinoma,DOID:5577,http://purl.obolibrary.org/obo/DOID_5577
9281,paroxysmal nonkinesigenic dyskinesia 1,DOID:0090049,http://purl.obolibrary.org/obo/DOID_0090049
380,riboflavin deficiency,DOID:8454,http://purl.obolibrary.org/obo/DOID_8454
6093,skeletal muscle neoplasm,DOID:4044,http://purl.obolibrary.org/obo/DOID_4044
9699,copper deficiency myelopathy,DOID:5112,http://purl.obolibrary.org/obo/DOID_5112
2441,glycogen storage disease VIII,DOID:2751,http://purl.obolibrary.org/obo/DOID_2751
9353,vulvar leiomyoma,DOID:5142,http://purl.obolibrary.org/obo/DOID_5142
96,newborn respiratory distress syndrome,DOID:12716,http://purl.obolibrary.org/obo/DOID_12716
10037,uterine fibroid,DOID:13223,http://purl.obolibrary.org/obo/DOID_13223
8188,extrahepatic bile duct carcinoma,DOID:4682,http://purl.obolibrary.org/obo/DOID_4682
9184,Poland syndrome,DOID:12961,http://purl.obolibrary.org/obo/DOID_12961
1024,Charcot-Marie-Tooth disease type 1A,DOID:0110148,http://purl.obolibrary.org/obo/DOID_0110148
7068,sulfonamide allergy,DOID:0040015,http://purl.obolibrary.org/obo/DOID_0040015
2165,acquired generalized lipodystrophy,DOID:0080300,http://purl.obolibrary.org/obo/DOID_0080300
3008,fascioliasis,DOID:885,http://purl.obolibrary.org/obo/DOID_885
1038,endometriosis of intestine,DOID:11428,http://purl.obolibrary.org/obo/DOID_11428
2242,chromosome 10q23 deletion syndrome,DOID:0060389,http://purl.obolibrary.org/obo/DOID_0060389
83,pyomyositis,DOID:876,http://purl.obolibrary.org/obo/DOID_876
3864,Fraser syndrome 1,DOID:0111405,http://purl.obolibrary.org/obo/DOID_0111405
9923,adult pleomorphic rhabdomyosarcoma,DOID:8251,http://purl.obolibrary.org/obo/DOID_8251
9327,early infantile epileptic encephalopathy 62,DOID:0080420,http://purl.obolibrary.org/obo/DOID_0080420
6940,extrahepatic bile duct cystadenoma,DOID:8105,http://purl.obolibrary.org/obo/DOID_8105
344,nodular malignant melanoma,DOID:10047,http://purl.obolibrary.org/obo/DOID_10047
9771,ovarian fetiform teratoma,DOID:6314,http://purl.obolibrary.org/obo/DOID_6314
5230,abdominal obesity-metabolic syndrome 1,DOID:14221,http://purl.obolibrary.org/obo/DOID_14221
3567,bone giant cell sarcoma,DOID:4719,http://purl.obolibrary.org/obo/DOID_4719
552,schizophreniform disorder,DOID:11328,http://purl.obolibrary.org/obo/DOID_11328
8235,primary ciliary dyskinesia 10,DOID:0110612,http://purl.obolibrary.org/obo/DOID_0110612
5639,nephrotic syndrome type 11,DOID:0080385,http://purl.obolibrary.org/obo/DOID_0080385
7149,beta-lactam allergy,DOID:0060519,http://purl.obolibrary.org/obo/DOID_0060519
729,synpolydactyly,DOID:0060242,http://purl.obolibrary.org/obo/DOID_0060242
2998,inflammatory bowel disease 14,DOID:0110895,http://purl.obolibrary.org/obo/DOID_0110895
2617,glycogen storage disease III,DOID:2748,http://purl.obolibrary.org/obo/DOID_2748
2319,partial of retinal vein occlusion,DOID:1726,http://purl.obolibrary.org/obo/DOID_1726
7040,non-arteritic anterior ischemic optic neuropathy,DOID:0050864,http://purl.obolibrary.org/obo/DOID_0050864
5164,cerebellar ataxia type 47,DOID:0111743,http://purl.obolibrary.org/obo/DOID_0111743
4832,nephrogenic adenoma,DOID:7334,http://purl.obolibrary.org/obo/DOID_7334
3972,breast squamous cell carcinoma,DOID:5514,http://purl.obolibrary.org/obo/DOID_5514
1986,chromosome 15q26-qter deletion syndrome,DOID:0060397,http://purl.obolibrary.org/obo/DOID_0060397
9050,retinitis pigmentosa 75,DOID:0110361,http://purl.obolibrary.org/obo/DOID_0110361
9548,intracranial primitive neuroectodermal tumor,DOID:4788,http://purl.obolibrary.org/obo/DOID_4788
8639,central nervous system lymphoma,DOID:3234,http://purl.obolibrary.org/obo/DOID_3234
7427,nipple duct carcinoma,DOID:7953,http://purl.obolibrary.org/obo/DOID_7953
4635,autosomal dominant non-syndromic intellectual disability 36,DOID:0070066,http://purl.obolibrary.org/obo/DOID_0070066
4287,hemochromatosis type 4,DOID:0111028,http://purl.obolibrary.org/obo/DOID_0111028
8644,retinitis pigmentosa 22,DOID:0110400,http://purl.obolibrary.org/obo/DOID_0110400
7714,conjunctival squamous cell carcinoma,DOID:1748,http://purl.obolibrary.org/obo/DOID_1748
5025,sternum lymphoma,DOID:6762,http://purl.obolibrary.org/obo/DOID_6762
2621,multiple mucosal neuroma,DOID:5155,http://purl.obolibrary.org/obo/DOID_5155
793,geniculate ganglionitis,DOID:14075,http://purl.obolibrary.org/obo/DOID_14075
2430,spindle cell carcinoma,DOID:4015,http://purl.obolibrary.org/obo/DOID_4015
1175,Lynch syndrome,DOID:3883,http://purl.obolibrary.org/obo/DOID_3883
6403,hyperprolinemia,DOID:0080541,http://purl.obolibrary.org/obo/DOID_0080541
6990,hepatobiliary system cancer,DOID:0080355,http://purl.obolibrary.org/obo/DOID_0080355
895,systemic scleroderma,DOID:418,http://purl.obolibrary.org/obo/DOID_418
3292,osteitis fibrosa,DOID:3341,http://purl.obolibrary.org/obo/DOID_3341
8214,mononeuritis of lower limb,DOID:9473,http://purl.obolibrary.org/obo/DOID_9473
10039,autosomal dominant nonsyndromic deafness 28,DOID:0110557,http://purl.obolibrary.org/obo/DOID_0110557
2976,autosomal recessive cutis laxa type IC,DOID:0070139,http://purl.obolibrary.org/obo/DOID_0070139
2582,psoriasis 13,DOID:0111287,http://purl.obolibrary.org/obo/DOID_0111287
6711,ITM2B-related cerebral amyloid angiopathy 1,DOID:0070029,http://purl.obolibrary.org/obo/DOID_0070029
2563,hyperimmunoglobulin syndrome,DOID:2959,http://purl.obolibrary.org/obo/DOID_2959
6481,allergic bronchopulmonary aspergillosis,DOID:13166,http://purl.obolibrary.org/obo/DOID_13166
2775,complex regional pain syndrome,DOID:3223,http://purl.obolibrary.org/obo/DOID_3223
3850,adult hypophosphatasia,DOID:0110913,http://purl.obolibrary.org/obo/DOID_0110913
7849,lipoadenoma,DOID:5398,http://purl.obolibrary.org/obo/DOID_5398
1187,choroid cancer,DOID:12759,http://purl.obolibrary.org/obo/DOID_12759
1434,type 1 diabetes mellitus 13,DOID:0110752,http://purl.obolibrary.org/obo/DOID_0110752
653,Aicardi syndrome,DOID:8461,http://purl.obolibrary.org/obo/DOID_8461
7536,axillary adenitis,DOID:4640,http://purl.obolibrary.org/obo/DOID_4640
9174,pulmonary neuroendocrine tumor,DOID:5410,http://purl.obolibrary.org/obo/DOID_5410
7660,Alstrom syndrome,DOID:0050473,http://purl.obolibrary.org/obo/DOID_0050473
8684,annular pancreas,DOID:0060850,http://purl.obolibrary.org/obo/DOID_0060850
7440,hepatic vascular disease,DOID:272,http://purl.obolibrary.org/obo/DOID_272
6989,pulmonary plasma cell granuloma,DOID:3677,http://purl.obolibrary.org/obo/DOID_3677
1113,gallbladder papillary carcinoma,DOID:7221,http://purl.obolibrary.org/obo/DOID_7221
5949,hereditary spastic paraplegia 48,DOID:0110800,http://purl.obolibrary.org/obo/DOID_0110800
9309,Charcot-Marie-Tooth disease type 6,DOID:0080068,http://purl.obolibrary.org/obo/DOID_0080068
168,hyperekplexia 3,DOID:0060698,http://purl.obolibrary.org/obo/DOID_0060698
1425,intestinal schistosomiasis,DOID:0050597,http://purl.obolibrary.org/obo/DOID_0050597
9356,chromosome 14q11-q22 deletion syndrome,DOID:0060392,http://purl.obolibrary.org/obo/DOID_0060392
4352,breast papillomatosis,DOID:1634,http://purl.obolibrary.org/obo/DOID_1634
5040,acute hydrops keratoconus,DOID:10125,http://purl.obolibrary.org/obo/DOID_10125
7707,spinocerebellar ataxia type 30,DOID:0050979,http://purl.obolibrary.org/obo/DOID_0050979
2226,nephrotic syndrome type 3,DOID:0080382,http://purl.obolibrary.org/obo/DOID_0080382
8987,idiopathic generalized epilepsy 8,DOID:0111322,http://purl.obolibrary.org/obo/DOID_0111322
4694,autosomal recessive nonsyndromic deafness 77,DOID:0110525,http://purl.obolibrary.org/obo/DOID_0110525
3987,vulvar keratinizing squamous cell carcinoma,DOID:7363,http://purl.obolibrary.org/obo/DOID_7363
4790,chlamydia,DOID:11263,http://purl.obolibrary.org/obo/DOID_11263
2680,C syndrome,DOID:0111581,http://purl.obolibrary.org/obo/DOID_0111581
2972,hemochromatosis type 2,DOID:0111034,http://purl.obolibrary.org/obo/DOID_0111034
7088,Meckel syndrome 7,DOID:0070121,http://purl.obolibrary.org/obo/DOID_0070121
3868,hernia of ovary and fallopian tube,DOID:12735,http://purl.obolibrary.org/obo/DOID_12735
1609,Klebsiella pneumonia,DOID:13272,http://purl.obolibrary.org/obo/DOID_13272
277,uterine corpus epithelioid leiomyosarcoma,DOID:6139,http://purl.obolibrary.org/obo/DOID_6139
128,amyotrophic lateral sclerosis type 9,DOID:0060200,http://purl.obolibrary.org/obo/DOID_0060200
3566,nodal marginal zone lymphoma,DOID:0080211,http://purl.obolibrary.org/obo/DOID_0080211
9331,hypertrophic cardiomyopathy 3,DOID:0110309,http://purl.obolibrary.org/obo/DOID_0110309
8787,epithelioid inflammatory myofibroblastic sarcoma,DOID:0080372,http://purl.obolibrary.org/obo/DOID_0080372
7776,anal canal adenocarcinoma,DOID:3692,http://purl.obolibrary.org/obo/DOID_3692
1381,paranasal sinus lymphoma,DOID:1355,http://purl.obolibrary.org/obo/DOID_1355
5635,Meckel syndrome 1,DOID:0070115,http://purl.obolibrary.org/obo/DOID_0070115
9288,brachydactyly type A1,DOID:0110964,http://purl.obolibrary.org/obo/DOID_0110964
7384,urticaria,DOID:1555,http://purl.obolibrary.org/obo/DOID_1555
6402,autosomal recessive nonsyndromic deafness 98,DOID:0110540,http://purl.obolibrary.org/obo/DOID_0110540
4657,retinitis pigmentosa 20,DOID:0110353,http://purl.obolibrary.org/obo/DOID_0110353
806,nephrogenic adenoma of the urethra,DOID:8109,http://purl.obolibrary.org/obo/DOID_8109
7032,idiopathic generalized epilepsy 14,DOID:0111315,http://purl.obolibrary.org/obo/DOID_0111315
9812,childhood central nervous system immature teratoma,DOID:6654,http://purl.obolibrary.org/obo/DOID_6654
7545,malignant conjunctival melanoma,DOID:1751,http://purl.obolibrary.org/obo/DOID_1751
109,Charcot-Marie-Tooth disease type 2E,DOID:0110165,http://purl.obolibrary.org/obo/DOID_0110165
4450,intestinal hypomagnesemia 1,DOID:0060883,http://purl.obolibrary.org/obo/DOID_0060883
3025,immunodeficiency with hyper IgM type 5,DOID:0060759,http://purl.obolibrary.org/obo/DOID_0060759
3641,chronic recurrent multifocal osteomyelitis,DOID:0060645,http://purl.obolibrary.org/obo/DOID_0060645
4513,bilateral meningioma of optic nerve,DOID:6335,http://purl.obolibrary.org/obo/DOID_6335
6928,periodontitis,DOID:824,http://purl.obolibrary.org/obo/DOID_824
1121,female breast carcinoma,DOID:7843,http://purl.obolibrary.org/obo/DOID_7843
2772,parasitic eyelid infestation,DOID:13823,http://purl.obolibrary.org/obo/DOID_13823
639,soft tissue peripheral neuroepithelioma,DOID:4389,http://purl.obolibrary.org/obo/DOID_4389
5955,Joubert syndrome 16,DOID:0110985,http://purl.obolibrary.org/obo/DOID_0110985
6676,nerve root neoplasm,DOID:4698,http://purl.obolibrary.org/obo/DOID_4698
7765,cortical blindness,DOID:11831,http://purl.obolibrary.org/obo/DOID_11831
9198,creatine transporter deficiency,DOID:0050800,http://purl.obolibrary.org/obo/DOID_0050800
3082,external pathological resorption,DOID:14529,http://purl.obolibrary.org/obo/DOID_14529
9671,pseudohypoaldosteronism,DOID:4479,http://purl.obolibrary.org/obo/DOID_4479
3105,aortic valve insufficiency,DOID:57,http://purl.obolibrary.org/obo/DOID_57
2783,short-rib thoracic dysplasia 19 with or without polydactyly,DOID:0080295,http://purl.obolibrary.org/obo/DOID_0080295
1464,acinar cell carcinoma,DOID:3025,http://purl.obolibrary.org/obo/DOID_3025
4680,cecum cancer,DOID:1521,http://purl.obolibrary.org/obo/DOID_1521
1267,stomach cancer,DOID:10534,http://purl.obolibrary.org/obo/DOID_10534
7942,atrophy of prostate,DOID:2301,http://purl.obolibrary.org/obo/DOID_2301
7358,acute pyelonephritis,DOID:559,http://purl.obolibrary.org/obo/DOID_559
5667,restrictive cardiomyopathy,DOID:397,http://purl.obolibrary.org/obo/DOID_397
1616,fallopian tube squamous cell carcinoma,DOID:5540,http://purl.obolibrary.org/obo/DOID_5540
2459,chronic perichondritis of pinna,DOID:14243,http://purl.obolibrary.org/obo/DOID_14243
5907,toxic optic neuropathy,DOID:13329,http://purl.obolibrary.org/obo/DOID_13329
9255,mixed astrocytoma-ependymoma,DOID:7907,http://purl.obolibrary.org/obo/DOID_7907
10012,endocrine gland cancer,DOID:170,http://purl.obolibrary.org/obo/DOID_170
9675,inappropriate ADH syndrome,DOID:3401,http://purl.obolibrary.org/obo/DOID_3401
4206,plantar wart,DOID:13775,http://purl.obolibrary.org/obo/DOID_13775
1760,juvenile absence epilepsy 1,DOID:0111324,http://purl.obolibrary.org/obo/DOID_0111324
9791,milker's nodule,DOID:8729,http://purl.obolibrary.org/obo/DOID_8729
5567,partial circumpapillary choroid dystrophy,DOID:9811,http://purl.obolibrary.org/obo/DOID_9811
6340,jejunal neoplasm,DOID:3218,http://purl.obolibrary.org/obo/DOID_3218
5848,combined oxidative phosphorylation deficiency 23,DOID:0111500,http://purl.obolibrary.org/obo/DOID_0111500
1234,esophagitis,DOID:11963,http://purl.obolibrary.org/obo/DOID_11963
3173,calcium oxalate nephrolithiasis,DOID:0080652,http://purl.obolibrary.org/obo/DOID_0080652
2167,tamoxifen-related endometrial lesion,DOID:7962,http://purl.obolibrary.org/obo/DOID_7962
6005,childhood kidney cancer,DOID:3675,http://purl.obolibrary.org/obo/DOID_3675
9139,Wolffian duct adenoma,DOID:2616,http://purl.obolibrary.org/obo/DOID_2616
1939,intracerebral cystic meningioma,DOID:6113,http://purl.obolibrary.org/obo/DOID_6113
9540,lung combined type small cell carcinoma,DOID:5421,http://purl.obolibrary.org/obo/DOID_5421
3078,mushroom workers' lung,DOID:2708,http://purl.obolibrary.org/obo/DOID_2708
7346,alopecia areata,DOID:986,http://purl.obolibrary.org/obo/DOID_986
834,intraorbital meningioma,DOID:4141,http://purl.obolibrary.org/obo/DOID_4141
941,neonatal anemia,DOID:11244,http://purl.obolibrary.org/obo/DOID_11244
4822,autosomal recessive osteopetrosis 1,DOID:0110942,http://purl.obolibrary.org/obo/DOID_0110942
5337,progressive myoclonus epilepsy 1A,DOID:0111452,http://purl.obolibrary.org/obo/DOID_0111452
2343,central epithelioid sarcoma,DOID:7492,http://purl.obolibrary.org/obo/DOID_7492
1547,retinitis pigmentosa 45,DOID:0110402,http://purl.obolibrary.org/obo/DOID_0110402
6696,lingual-facial-buccal dyskinesia,DOID:9854,http://purl.obolibrary.org/obo/DOID_9854
252,palmoplantar keratoderma-deafness syndrome,DOID:0111505,http://purl.obolibrary.org/obo/DOID_0111505
5594,immune-complex glomerulonephritis,DOID:4784,http://purl.obolibrary.org/obo/DOID_4784
3938,syndromic microphthalmia 5,DOID:0111806,http://purl.obolibrary.org/obo/DOID_0111806
5341,jejunal somatostatinoma,DOID:3216,http://purl.obolibrary.org/obo/DOID_3216
553,intracranial berry aneurysm,DOID:0060228,http://purl.obolibrary.org/obo/DOID_0060228
954,Taylor's syndrome,DOID:9346,http://purl.obolibrary.org/obo/DOID_9346
2262,orotic aciduria,DOID:0050833,http://purl.obolibrary.org/obo/DOID_0050833
6931,neurilemmoma of the pleura,DOID:6564,http://purl.obolibrary.org/obo/DOID_6564
6981,olfactory nerve disease,DOID:367,http://purl.obolibrary.org/obo/DOID_367
8825,intrahepatic cholestasis of pregnancy,DOID:0070227,http://purl.obolibrary.org/obo/DOID_0070227
8617,conjugate gaze palsy,DOID:12445,http://purl.obolibrary.org/obo/DOID_12445
5448,multiple carboxylase deficiency,DOID:857,http://purl.obolibrary.org/obo/DOID_857
273,Pelizaeus-Merzbacher disease,DOID:3210,http://purl.obolibrary.org/obo/DOID_3210
8833,Unverricht-Lundborg syndrome,DOID:3535,http://purl.obolibrary.org/obo/DOID_3535
8170,Coffin-Siris syndrome,DOID:1925,http://purl.obolibrary.org/obo/DOID_1925
7390,autosomal dominant Robinow syndrome 3,DOID:0060767,http://purl.obolibrary.org/obo/DOID_0060767
9307,scalp dermatosis,DOID:3136,http://purl.obolibrary.org/obo/DOID_3136
8250,giant cell reparative granuloma,DOID:1866,http://purl.obolibrary.org/obo/DOID_1866
8564,pancreatic solid pseudopapillary carcinoma,DOID:6827,http://purl.obolibrary.org/obo/DOID_6827
3402,cloacogenic carcinoma,DOID:7173,http://purl.obolibrary.org/obo/DOID_7173
10023,submandibular adenitis,DOID:4636,http://purl.obolibrary.org/obo/DOID_4636
3770,clear cell adenocarcinoma,DOID:4468,http://purl.obolibrary.org/obo/DOID_4468
6133,laryngeal carcinoma,DOID:2600,http://purl.obolibrary.org/obo/DOID_2600
3301,carotid artery occlusion,DOID:807,http://purl.obolibrary.org/obo/DOID_807
4385,oculoauricular syndrome,DOID:0060482,http://purl.obolibrary.org/obo/DOID_0060482
4943,acute intermittent porphyria,DOID:3890,http://purl.obolibrary.org/obo/DOID_3890
5983,bacterial conjunctivitis,DOID:9700,http://purl.obolibrary.org/obo/DOID_9700
2168,causalgia,DOID:3222,http://purl.obolibrary.org/obo/DOID_3222
9928,retinal vasculitis,DOID:11563,http://purl.obolibrary.org/obo/DOID_11563
4419,cardiac tuberculosis,DOID:0060570,http://purl.obolibrary.org/obo/DOID_0060570
9334,extraosseous Ewings sarcoma-primitive neuroepithelial tumor,DOID:4985,http://purl.obolibrary.org/obo/DOID_4985
3835,early infantile epileptic encephalopathy 23,DOID:0080415,http://purl.obolibrary.org/obo/DOID_0080415
9003,PCWH syndrome,DOID:0090111,http://purl.obolibrary.org/obo/DOID_0090111
939,scrotum basal cell carcinoma,DOID:4278,http://purl.obolibrary.org/obo/DOID_4278
1879,Carpenter syndrome,DOID:0060234,http://purl.obolibrary.org/obo/DOID_0060234
1166,aleukemic leukemia,DOID:6004,http://purl.obolibrary.org/obo/DOID_6004
830,silo filler's disease,DOID:4374,http://purl.obolibrary.org/obo/DOID_4374
3108,isolated growth hormone deficiency type II,DOID:0060872,http://purl.obolibrary.org/obo/DOID_0060872
3123,cloacal exstrophy,DOID:0080175,http://purl.obolibrary.org/obo/DOID_0080175
5216,Shwachman-Diamond type metaphyseal dysplasia,DOID:0080023,http://purl.obolibrary.org/obo/DOID_0080023
2489,bile duct adenoma,DOID:5381,http://purl.obolibrary.org/obo/DOID_5381
2052,hyperkalemic periodic paralysis,DOID:14451,http://purl.obolibrary.org/obo/DOID_14451
8236,bone peripheral neuroepithelioma,DOID:4388,http://purl.obolibrary.org/obo/DOID_4388
3676,panhypopituitarism,DOID:9410,http://purl.obolibrary.org/obo/DOID_9410
7620,extracutaneous mastocytoma,DOID:4659,http://purl.obolibrary.org/obo/DOID_4659
6756,stomatitis,DOID:9637,http://purl.obolibrary.org/obo/DOID_9637
8263,Netherton syndrome,DOID:0050474,http://purl.obolibrary.org/obo/DOID_0050474
353,congenital lactase deficiency,DOID:0111646,http://purl.obolibrary.org/obo/DOID_0111646
4094,pleural cancer,DOID:5158,http://purl.obolibrary.org/obo/DOID_5158
2209,liver carcinoma,DOID:686,http://purl.obolibrary.org/obo/DOID_686
61,Y-linked deafness 1,DOID:0111759,http://purl.obolibrary.org/obo/DOID_0111759
1433,lymphoid interstitial pneumonia,DOID:0050159,http://purl.obolibrary.org/obo/DOID_0050159
4273,anal neuroendocrine tumor,DOID:5545,http://purl.obolibrary.org/obo/DOID_5545
4994,central nervous system origin vertigo,DOID:2479,http://purl.obolibrary.org/obo/DOID_2479
2330,esophageal leukoplakia,DOID:9021,http://purl.obolibrary.org/obo/DOID_9021
2705,retroperitoneal leiomyosarcoma,DOID:5284,http://purl.obolibrary.org/obo/DOID_5284
8905,mediastinum synovial sarcoma,DOID:5488,http://purl.obolibrary.org/obo/DOID_5488
3766,progressive familial intrahepatic cholestasis,DOID:0070221,http://purl.obolibrary.org/obo/DOID_0070221
4240,cryptosporidiosis,DOID:1733,http://purl.obolibrary.org/obo/DOID_1733
3751,solitary plasmacytoma of chest wall,DOID:3723,http://purl.obolibrary.org/obo/DOID_3723
7863,sympathetic ophthalmia,DOID:12029,http://purl.obolibrary.org/obo/DOID_12029
8373,lattice corneal dystrophy,DOID:8943,http://purl.obolibrary.org/obo/DOID_8943
8112,infiltrating ureter transitional cell carcinoma,DOID:6845,http://purl.obolibrary.org/obo/DOID_6845
4362,pontocerebellar hypoplasia type 7,DOID:0060276,http://purl.obolibrary.org/obo/DOID_0060276
8696,typhoid fever,DOID:13258,http://purl.obolibrary.org/obo/DOID_13258
6427,autosomal dominant mental retardation 51,DOID:0080232,http://purl.obolibrary.org/obo/DOID_0080232
7268,childhood embryonal testis carcinoma,DOID:6162,http://purl.obolibrary.org/obo/DOID_6162
6563,equatorial staphyloma,DOID:13788,http://purl.obolibrary.org/obo/DOID_13788
4557,Cornelia de Lange syndrome,DOID:11725,http://purl.obolibrary.org/obo/DOID_11725
5601,respiratory system disease,DOID:1579,http://purl.obolibrary.org/obo/DOID_1579
3420,intravenous leiomyomatosis,DOID:5729,http://purl.obolibrary.org/obo/DOID_5729
3628,pre-eclampsia,DOID:10591,http://purl.obolibrary.org/obo/DOID_10591
6206,early invasive cervical adenocarcinoma,DOID:8307,http://purl.obolibrary.org/obo/DOID_8307
5271,cone-rod dystrophy 6,DOID:0111011,http://purl.obolibrary.org/obo/DOID_0111011
5135,optic atrophy 5,DOID:0111438,http://purl.obolibrary.org/obo/DOID_0111438
8745,dyschromatosis symmetrica hereditaria,DOID:0060257,http://purl.obolibrary.org/obo/DOID_0060257
7963,neurosarcoidosis,DOID:13403,http://purl.obolibrary.org/obo/DOID_13403
1538,ectodermal dysplasia 14,DOID:0111662,http://purl.obolibrary.org/obo/DOID_0111662
6273,anisometropia,DOID:12273,http://purl.obolibrary.org/obo/DOID_12273
3813,congenital stationary night blindness 1H,DOID:0110866,http://purl.obolibrary.org/obo/DOID_0110866
6543,ovarian embryonal carcinoma,DOID:5681,http://purl.obolibrary.org/obo/DOID_5681
4843,early infantile epileptic encephalopathy 1,DOID:0080468,http://purl.obolibrary.org/obo/DOID_0080468
6259,proprotein convertase 1/3 deficiency,DOID:0111698,http://purl.obolibrary.org/obo/DOID_0111698
1094,bejel,DOID:13431,http://purl.obolibrary.org/obo/DOID_13431
2023,sclerosteosis 2,DOID:0060757,http://purl.obolibrary.org/obo/DOID_0060757
5722,angiodysplasia,DOID:2494,http://purl.obolibrary.org/obo/DOID_2494
10020,epidermolytic acanthoma,DOID:4323,http://purl.obolibrary.org/obo/DOID_4323
381,Bruck syndrome,DOID:0060231,http://purl.obolibrary.org/obo/DOID_0060231
3015,split hand-foot malformation 2,DOID:0090027,http://purl.obolibrary.org/obo/DOID_0090027
1199,metal allergy,DOID:0060501,http://purl.obolibrary.org/obo/DOID_0060501
312,articular cartilage disease,DOID:6227,http://purl.obolibrary.org/obo/DOID_6227
3172,chromosome 9p deletion syndrome,DOID:0060732,http://purl.obolibrary.org/obo/DOID_0060732
5445,Conn's syndrome,DOID:12028,http://purl.obolibrary.org/obo/DOID_12028
569,conjunctival nevus,DOID:0050906,http://purl.obolibrary.org/obo/DOID_0050906
7630,chromosome 4q21 deletion syndrome,DOID:0060420,http://purl.obolibrary.org/obo/DOID_0060420
1556,ankylosis,DOID:227,http://purl.obolibrary.org/obo/DOID_227
7565,Miller Fisher syndrome,DOID:12889,http://purl.obolibrary.org/obo/DOID_12889
7574,congenital secretory sodium diarrhea 3,DOID:0060781,http://purl.obolibrary.org/obo/DOID_0060781
2661,adult xanthogranuloma,DOID:7875,http://purl.obolibrary.org/obo/DOID_7875
2133,Loeffler syndrome,DOID:9503,http://purl.obolibrary.org/obo/DOID_9503
8559,tropical spastic paraparesis,DOID:321,http://purl.obolibrary.org/obo/DOID_321
8713,mediastinum rhabdomyosarcoma,DOID:4049,http://purl.obolibrary.org/obo/DOID_4049
5435,alveoli adenoma,DOID:8003,http://purl.obolibrary.org/obo/DOID_8003
8346,osteogenesis imperfecta type 12,DOID:0110348,http://purl.obolibrary.org/obo/DOID_0110348
5606,mevalonic aciduria,DOID:0050452,http://purl.obolibrary.org/obo/DOID_0050452
35,apolipoprotein C-III deficiency,DOID:0111370,http://purl.obolibrary.org/obo/DOID_0111370
5253,anterior segment dysgenesis,DOID:0060648,http://purl.obolibrary.org/obo/DOID_0060648
5725,Horner's syndrome,DOID:11486,http://purl.obolibrary.org/obo/DOID_11486
8082,Floating-Harbor syndrome,DOID:0111358,http://purl.obolibrary.org/obo/DOID_0111358
4745,papillary ependymoma,DOID:5505,http://purl.obolibrary.org/obo/DOID_5505
1169,breast intraductal papillomatosis,DOID:7511,http://purl.obolibrary.org/obo/DOID_7511
5736,Ohdo syndrome,DOID:0060289,http://purl.obolibrary.org/obo/DOID_0060289
8204,penis basaloid carcinoma,DOID:7047,http://purl.obolibrary.org/obo/DOID_7047
4983,Brugada syndrome,DOID:0050451,http://purl.obolibrary.org/obo/DOID_0050451
3700,distal spinal muscular atrophy type 5,DOID:0111214,http://purl.obolibrary.org/obo/DOID_0111214
2519,abetalipoproteinemia,DOID:1386,http://purl.obolibrary.org/obo/DOID_1386
4255,cellulitis,DOID:3488,http://purl.obolibrary.org/obo/DOID_3488
1967,neuritis,DOID:1803,http://purl.obolibrary.org/obo/DOID_1803
6632,larynx sarcoma,DOID:2877,http://purl.obolibrary.org/obo/DOID_2877
8160,adenosquamous carcinoma,DOID:4830,http://purl.obolibrary.org/obo/DOID_4830
8620,congenital myasthenic syndrome 1B,DOID:0110662,http://purl.obolibrary.org/obo/DOID_0110662
1859,pancreatoblastoma,DOID:6823,http://purl.obolibrary.org/obo/DOID_6823
7143,dermatomycosis,DOID:1563,http://purl.obolibrary.org/obo/DOID_1563
8066,acquired gastric outlet stenosis,DOID:14099,http://purl.obolibrary.org/obo/DOID_14099
3829,Silverman-Handmaker type dyssegmental dysplasia,DOID:0090032,http://purl.obolibrary.org/obo/DOID_0090032
6565,age related macular degeneration 1,DOID:0110014,http://purl.obolibrary.org/obo/DOID_0110014
7035,autosomal recessive hyaline body myopathy,DOID:0111268,http://purl.obolibrary.org/obo/DOID_0111268
5740,encephalitis,DOID:9588,http://purl.obolibrary.org/obo/DOID_9588
9059,gastric hemangioma,DOID:275,http://purl.obolibrary.org/obo/DOID_275
7766,cefixime allergy,DOID:0040030,http://purl.obolibrary.org/obo/DOID_0040030
4874,radial neuropathy,DOID:12171,http://purl.obolibrary.org/obo/DOID_12171
3644,papillary thymic adenocarcinoma,DOID:5595,http://purl.obolibrary.org/obo/DOID_5595
2373,autosomal recessive cutis laxa type IIIB,DOID:0070138,http://purl.obolibrary.org/obo/DOID_0070138
1091,cervical keratinizing squamous cell carcinoma,DOID:7483,http://purl.obolibrary.org/obo/DOID_7483
1724,Waardenburg syndrome type 2A,DOID:0110950,http://purl.obolibrary.org/obo/DOID_0110950
3904,thiamine-responsive megaloblastic anemia syndrome,DOID:0090117,http://purl.obolibrary.org/obo/DOID_0090117
3428,isolated microphthalmia 1,DOID:0060840,http://purl.obolibrary.org/obo/DOID_0060840
465,spinocerebellar ataxia type 2,DOID:0050955,http://purl.obolibrary.org/obo/DOID_0050955
9946,hereditary mixed polyposis syndrome 2,DOID:0111686,http://purl.obolibrary.org/obo/DOID_0111686
6139,myotonic dystrophy type 2,DOID:0050759,http://purl.obolibrary.org/obo/DOID_0050759
2892,expressive language disorder,DOID:11385,http://purl.obolibrary.org/obo/DOID_11385
327,amelogenesis imperfecta type 3C,DOID:0111722,http://purl.obolibrary.org/obo/DOID_0111722
9635,episodic ataxia,DOID:963,http://purl.obolibrary.org/obo/DOID_963
2639,X-linked Emery-Dreifuss muscular dystrophy 1,DOID:0070246,http://purl.obolibrary.org/obo/DOID_0070246
2615,non-Hodgkin lymphoma,DOID:0060060,http://purl.obolibrary.org/obo/DOID_0060060
8142,lethal congenital glycogen storage disease of heart,DOID:0090101,http://purl.obolibrary.org/obo/DOID_0090101
290,esophageal candidiasis,DOID:13146,http://purl.obolibrary.org/obo/DOID_13146
4646,cow milk allergy,DOID:0060521,http://purl.obolibrary.org/obo/DOID_0060521
1411,malignant giant cell tumor,DOID:2705,http://purl.obolibrary.org/obo/DOID_2705
6708,hypervitaminosis A,DOID:9972,http://purl.obolibrary.org/obo/DOID_9972
8643,philophthalmiasis,DOID:0050250,http://purl.obolibrary.org/obo/DOID_0050250
5901,Krukenberg carcinoma,DOID:9597,http://purl.obolibrary.org/obo/DOID_9597
4279,ovarian benign neoplasm,DOID:0060112,http://purl.obolibrary.org/obo/DOID_0060112
4548,Fanconi syndrome,DOID:1062,http://purl.obolibrary.org/obo/DOID_1062
4227,cholesterol ester storage disease,DOID:14502,http://purl.obolibrary.org/obo/DOID_14502
1797,autosomal dominant non-syndromic intellectual disability 19,DOID:0070049,http://purl.obolibrary.org/obo/DOID_0070049
6482,trachea leiomyoma,DOID:248,http://purl.obolibrary.org/obo/DOID_248
9532,duodenal ulcer,DOID:1724,http://purl.obolibrary.org/obo/DOID_1724
9785,"spondyloepimetaphyseal dysplasia, Strudwick type",DOID:0080028,http://purl.obolibrary.org/obo/DOID_0080028
7858,malignant parietal pleura tumor,DOID:14032,http://purl.obolibrary.org/obo/DOID_14032
8523,primary hyperparathyroidism,DOID:11202,http://purl.obolibrary.org/obo/DOID_11202
4863,malignant fibrous histiocytoma,DOID:1907,http://purl.obolibrary.org/obo/DOID_1907
8889,cystoid macular edema,DOID:4447,http://purl.obolibrary.org/obo/DOID_4447
6460,distal arthrogryposis,DOID:0050646,http://purl.obolibrary.org/obo/DOID_0050646
2293,autosomal dominant nonsyndromic deafness 2A,DOID:0110558,http://purl.obolibrary.org/obo/DOID_0110558
921,Dyggve-Melchior-Clausen disease,DOID:0111167,http://purl.obolibrary.org/obo/DOID_0111167
7497,bile duct signet ring cell carcinoma,DOID:3494,http://purl.obolibrary.org/obo/DOID_3494
6979,focal chorioretinitis,DOID:1979,http://purl.obolibrary.org/obo/DOID_1979
3334,B-lymphoblastic leukemia/lymphoma with TCF3-PBX1,DOID:0080649,http://purl.obolibrary.org/obo/DOID_0080649
6542,mite infestation,DOID:7894,http://purl.obolibrary.org/obo/DOID_7894
6751,hordeolum,DOID:9909,http://purl.obolibrary.org/obo/DOID_9909
1804,cholesteatoma,DOID:869,http://purl.obolibrary.org/obo/DOID_869
1990,pellagra,DOID:8457,http://purl.obolibrary.org/obo/DOID_8457
9798,bladder urachal carcinoma,DOID:5958,http://purl.obolibrary.org/obo/DOID_5958
4628,follicular mucinosis,DOID:9905,http://purl.obolibrary.org/obo/DOID_9905
9333,bilateral breast cancer,DOID:6741,http://purl.obolibrary.org/obo/DOID_6741
6653,asbestosis,DOID:10320,http://purl.obolibrary.org/obo/DOID_10320
2583,adenosarcoma,DOID:1974,http://purl.obolibrary.org/obo/DOID_1974
2422,cystadenoma,DOID:2634,http://purl.obolibrary.org/obo/DOID_2634
5192,ovarian cyst,DOID:5119,http://purl.obolibrary.org/obo/DOID_5119
7434,vestibular nystagmus,DOID:14070,http://purl.obolibrary.org/obo/DOID_14070
1523,laryngeal cartilage cancer,DOID:13348,http://purl.obolibrary.org/obo/DOID_13348
3129,hexamethylene diisocyanate allergic asthma,DOID:0040040,http://purl.obolibrary.org/obo/DOID_0040040
3414,catecholaminergic polymorphic ventricular tachycardia 1,DOID:0060675,http://purl.obolibrary.org/obo/DOID_0060675
8364,sphenoid sinusitis,DOID:10794,http://purl.obolibrary.org/obo/DOID_10794
9452,extrinsic cardiomyopathy,DOID:3978,http://purl.obolibrary.org/obo/DOID_3978
6869,geroderma osteodysplasticum,DOID:0111266,http://purl.obolibrary.org/obo/DOID_0111266
804,spinocerebellar ataxia 46,DOID:0080288,http://purl.obolibrary.org/obo/DOID_0080288
251,familial glomangioma,DOID:7996,http://purl.obolibrary.org/obo/DOID_7996
2157,chronic dacryoadenitis,DOID:949,http://purl.obolibrary.org/obo/DOID_949
5620,autosomal dominant nonsyndromic deafness 72,DOID:0080268,http://purl.obolibrary.org/obo/DOID_0080268
5813,malignant spindle cell melanoma,DOID:3162,http://purl.obolibrary.org/obo/DOID_3162
9899,idiopathic pulmonary fibrosis,DOID:0050156,http://purl.obolibrary.org/obo/DOID_0050156
1186,malignant peripheral nerve sheath tumor,DOID:5940,http://purl.obolibrary.org/obo/DOID_5940
1289,erythrokeratodermia variabilis et progressiva 2,DOID:0080248,http://purl.obolibrary.org/obo/DOID_0080248
171,vascular skin disease,DOID:9540,http://purl.obolibrary.org/obo/DOID_9540
4700,autosomal recessive nonsyndromic deafness 20,DOID:0110478,http://purl.obolibrary.org/obo/DOID_0110478
2651,Alexander disease,DOID:4252,http://purl.obolibrary.org/obo/DOID_4252
404,renal artery obstruction,DOID:2972,http://purl.obolibrary.org/obo/DOID_2972
3469,Pediculus humanus corporis infestation,DOID:5513,http://purl.obolibrary.org/obo/DOID_5513
343,Asperger syndrome,DOID:0050432,http://purl.obolibrary.org/obo/DOID_0050432
964,hypertrophic cardiomyopathy 18,DOID:0110324,http://purl.obolibrary.org/obo/DOID_0110324
4647,Bloch-Sulzberger syndrome,DOID:12305,http://purl.obolibrary.org/obo/DOID_12305
5446,"arthrogryposis, renal dysfunction, and cholestasis 1",DOID:0111353,http://purl.obolibrary.org/obo/DOID_0111353
6905,mirror agnosia,DOID:0060144,http://purl.obolibrary.org/obo/DOID_0060144
9550,nephrolithiasis,DOID:585,http://purl.obolibrary.org/obo/DOID_585
2750,ampulla of Vater small cell carcinoma,DOID:7136,http://purl.obolibrary.org/obo/DOID_7136
1164,Skene gland carcinoma,DOID:7284,http://purl.obolibrary.org/obo/DOID_7284
7733,dysgammaglobulinemia,DOID:11702,http://purl.obolibrary.org/obo/DOID_11702
3925,hereditary spastic paraplegia 64,DOID:0110815,http://purl.obolibrary.org/obo/DOID_0110815
6955,atypical teratoid rhabdoid tumor,DOID:2129,http://purl.obolibrary.org/obo/DOID_2129
6675,familial febrile seizures 10,DOID:0111304,http://purl.obolibrary.org/obo/DOID_0111304
1511,craniofrontonasal syndrome,DOID:14737,http://purl.obolibrary.org/obo/DOID_14737
3480,autoimmune neuropathy,DOID:0060499,http://purl.obolibrary.org/obo/DOID_0060499
9008,small intestine adenocarcinoma,DOID:4906,http://purl.obolibrary.org/obo/DOID_4906
6248,glossopharyngeal nerve paralysis,DOID:3816,http://purl.obolibrary.org/obo/DOID_3816
1476,gastrointestinal system disease,DOID:77,http://purl.obolibrary.org/obo/DOID_77
4525,early infantile epileptic encephalopathy 65,DOID:0080430,http://purl.obolibrary.org/obo/DOID_0080430
3976,congenital disorder of glycosylation Iy,DOID:0080574,http://purl.obolibrary.org/obo/DOID_0080574
3727,acute ethmoiditis,DOID:9506,http://purl.obolibrary.org/obo/DOID_9506
2292,childhood infratentorial neoplasm,DOID:4207,http://purl.obolibrary.org/obo/DOID_4207
2657,lipoma of spermatic cord,DOID:10206,http://purl.obolibrary.org/obo/DOID_10206
9107,hypertensive encephalopathy,DOID:9427,http://purl.obolibrary.org/obo/DOID_9427
5733,3-methylglutaconic aciduria,DOID:0060336,http://purl.obolibrary.org/obo/DOID_0060336
91,primary ciliary dyskinesia 30,DOID:0110624,http://purl.obolibrary.org/obo/DOID_0110624
1298,viral esophagitis,DOID:6297,http://purl.obolibrary.org/obo/DOID_6297
4529,corneal disease,DOID:10124,http://purl.obolibrary.org/obo/DOID_10124
2126,chronic kidney disease,DOID:784,http://purl.obolibrary.org/obo/DOID_784
4299,iridogoniodysgenesis syndrome,DOID:0050786,http://purl.obolibrary.org/obo/DOID_0050786
4420,glycogen storage disease IXd,DOID:0111040,http://purl.obolibrary.org/obo/DOID_0111040
392,Y-linked monogenic disease,DOID:0050738,http://purl.obolibrary.org/obo/DOID_0050738
8637,cold-induced sweating syndrome 3,DOID:0080331,http://purl.obolibrary.org/obo/DOID_0080331
6750,portal hypertension,DOID:10762,http://purl.obolibrary.org/obo/DOID_10762
9013,acute anterolateral myocardial infarction,DOID:10651,http://purl.obolibrary.org/obo/DOID_10651
5864,autosomal recessive dyskeratosis congenita 3,DOID:0070019,http://purl.obolibrary.org/obo/DOID_0070019
5714,Brugada syndrome 9,DOID:0110226,http://purl.obolibrary.org/obo/DOID_0110226
582,acute lymphoblastic leukemia,DOID:9952,http://purl.obolibrary.org/obo/DOID_9952
3980,adenoiditis,DOID:0050145,http://purl.obolibrary.org/obo/DOID_0050145
4073,Turner syndrome,DOID:3491,http://purl.obolibrary.org/obo/DOID_3491
6164,Charcot-Marie-Tooth disease type 4,DOID:0050541,http://purl.obolibrary.org/obo/DOID_0050541
2041,breast papillary carcinoma,DOID:5592,http://purl.obolibrary.org/obo/DOID_5592
2295,complex cortical dysplasia with other brain malformations,DOID:0090131,http://purl.obolibrary.org/obo/DOID_0090131
504,geotrichosis,DOID:2832,http://purl.obolibrary.org/obo/DOID_2832
3930,hyperalphalipoproteinemia 1,DOID:0111369,http://purl.obolibrary.org/obo/DOID_0111369
1719,pyrimidine metabolic disorder,DOID:0050832,http://purl.obolibrary.org/obo/DOID_0050832
4172,bacterial exanthem,DOID:0050487,http://purl.obolibrary.org/obo/DOID_0050487
1301,Chandler syndrome,DOID:11554,http://purl.obolibrary.org/obo/DOID_11554
5676,congenital nystagmus 6,DOID:0111795,http://purl.obolibrary.org/obo/DOID_0111795
6435,cecum adenoma,DOID:0050910,http://purl.obolibrary.org/obo/DOID_0050910
6853,parameningeal embryonal rhabdomyosarcoma,DOID:0060338,http://purl.obolibrary.org/obo/DOID_0060338
3843,Goldberg-Shprintzen syndrome,DOID:0060481,http://purl.obolibrary.org/obo/DOID_0060481
4666,amblyopia,DOID:10376,http://purl.obolibrary.org/obo/DOID_10376
7976,primary optic atrophy,DOID:10627,http://purl.obolibrary.org/obo/DOID_10627
3662,tinea corporis,DOID:12179,http://purl.obolibrary.org/obo/DOID_12179
9109,gangliosidosis,DOID:2368,http://purl.obolibrary.org/obo/DOID_2368
4659,Brody myopathy,DOID:0050692,http://purl.obolibrary.org/obo/DOID_0050692
8549,tyrosinemia type I,DOID:0050726,http://purl.obolibrary.org/obo/DOID_0050726
4365,metal metabolism disorder,DOID:896,http://purl.obolibrary.org/obo/DOID_896
8119,glomeruloid hemangioma,DOID:486,http://purl.obolibrary.org/obo/DOID_486
3725,juvenile myoclonic epilepsy,DOID:4890,http://purl.obolibrary.org/obo/DOID_4890
533,liver disease,DOID:409,http://purl.obolibrary.org/obo/DOID_409
1124,patterned macular dystrophy 3,DOID:0060865,http://purl.obolibrary.org/obo/DOID_0060865
2444,Kniest dysplasia,DOID:0080045,http://purl.obolibrary.org/obo/DOID_0080045
1274,perinephritis,DOID:2982,http://purl.obolibrary.org/obo/DOID_2982
2894,cholangitis,DOID:9446,http://purl.obolibrary.org/obo/DOID_9446
6533,autosomal dominant non-syndromic intellectual disability 2,DOID:0070032,http://purl.obolibrary.org/obo/DOID_0070032
4295,male genital organ vascular disease,DOID:12335,http://purl.obolibrary.org/obo/DOID_12335
2620,spinal cord lipoma,DOID:13743,http://purl.obolibrary.org/obo/DOID_13743
285,muscular atrophy,DOID:767,http://purl.obolibrary.org/obo/DOID_767
5772,giant cell glioblastoma,DOID:3074,http://purl.obolibrary.org/obo/DOID_3074
5994,familial hyperlipidemia,DOID:1168,http://purl.obolibrary.org/obo/DOID_1168
6531,mucositis,DOID:0080178,http://purl.obolibrary.org/obo/DOID_0080178
7266,uterine corpus lipoleiomyoma,DOID:13957,http://purl.obolibrary.org/obo/DOID_13957
5833,spinal cord intramedullary teratoma,DOID:3639,http://purl.obolibrary.org/obo/DOID_3639
1741,arcus senilis,DOID:11342,http://purl.obolibrary.org/obo/DOID_11342
7892,polycystic echinococcosis,DOID:0050218,http://purl.obolibrary.org/obo/DOID_0050218
9808,aortic valve disease 1,DOID:0080333,http://purl.obolibrary.org/obo/DOID_0080333
2103,clear cell meningioma,DOID:4210,http://purl.obolibrary.org/obo/DOID_4210
2134,peripheral nervous system ganglioneuroblastoma,DOID:5195,http://purl.obolibrary.org/obo/DOID_5195
8933,displacement of cardia through esophageal hiatus,DOID:12641,http://purl.obolibrary.org/obo/DOID_12641
4183,gout,DOID:13189,http://purl.obolibrary.org/obo/DOID_13189
8970,non-syndromic X-linked intellectual disability,DOID:0050776,http://purl.obolibrary.org/obo/DOID_0050776
6984,angioid streaks,DOID:13401,http://purl.obolibrary.org/obo/DOID_13401
6202,autosomal recessive spinocerebellar ataxia 27,DOID:0111616,http://purl.obolibrary.org/obo/DOID_0111616
4597,gallbladder adenocarcinoma,DOID:3500,http://purl.obolibrary.org/obo/DOID_3500
1584,pyelonephritis,DOID:11400,http://purl.obolibrary.org/obo/DOID_11400
6685,uterine corpus choriocarcinoma,DOID:8188,http://purl.obolibrary.org/obo/DOID_8188
8293,ampulla of Vater mucinous adenocarcinoma,DOID:3693,http://purl.obolibrary.org/obo/DOID_3693
7458,autosomal recessive cutis laxa type IIIA,DOID:0070132,http://purl.obolibrary.org/obo/DOID_0070132
1263,corneal neovascularization,DOID:11382,http://purl.obolibrary.org/obo/DOID_11382
673,salivary gland disease,DOID:10854,http://purl.obolibrary.org/obo/DOID_10854
1732,Hartnup disease,DOID:1060,http://purl.obolibrary.org/obo/DOID_1060
3287,succinic semialdehyde dehydrogenase deficiency,DOID:0060175,http://purl.obolibrary.org/obo/DOID_0060175
7750,gastroschisis,DOID:11044,http://purl.obolibrary.org/obo/DOID_11044
7144,spastic hemiplegia,DOID:10967,http://purl.obolibrary.org/obo/DOID_10967
7597,neurodegenerative disease,DOID:1289,http://purl.obolibrary.org/obo/DOID_1289
7530,adult extraosseous chondrosarcoma,DOID:7902,http://purl.obolibrary.org/obo/DOID_7902
2123,axillary lipoma,DOID:10205,http://purl.obolibrary.org/obo/DOID_10205
6605,subareolar duct papillomatosis,DOID:7533,http://purl.obolibrary.org/obo/DOID_7533
2852,apple allergy,DOID:0060504,http://purl.obolibrary.org/obo/DOID_0060504
5112,White-Sutton syndrome,DOID:0070067,http://purl.obolibrary.org/obo/DOID_0070067
6648,pancreatic intraductal papillary-colloid carcinoma,DOID:7574,http://purl.obolibrary.org/obo/DOID_7574
1757,Charcot-Marie-Tooth disease type 2A2B,DOID:0111557,http://purl.obolibrary.org/obo/DOID_0111557
5513,hereditary spastic paraplegia 10,DOID:0110763,http://purl.obolibrary.org/obo/DOID_0110763
8838,paranasal sinus benign neoplasm,DOID:1350,http://purl.obolibrary.org/obo/DOID_1350
2687,hemangiopericytic tumor,DOID:3850,http://purl.obolibrary.org/obo/DOID_3850
7467,IgG4-related disease,DOID:0080356,http://purl.obolibrary.org/obo/DOID_0080356
203,alpha-2-plasmin inhibitor deficiency,DOID:0060601,http://purl.obolibrary.org/obo/DOID_0060601
8731,exhibitionism,DOID:10236,http://purl.obolibrary.org/obo/DOID_10236
9474,autosomal recessive nonsyndromic deafness 13,DOID:0110468,http://purl.obolibrary.org/obo/DOID_0110468
84,visceral heterotaxy,DOID:0050545,http://purl.obolibrary.org/obo/DOID_0050545
8848,Norum disease,DOID:1391,http://purl.obolibrary.org/obo/DOID_1391
1892,congenital muscular dystrophy,DOID:0050557,http://purl.obolibrary.org/obo/DOID_0050557
6323,luminal breast carcinoma,DOID:0060548,http://purl.obolibrary.org/obo/DOID_0060548
5516,intermediate cell type choroid melanoma,DOID:6996,http://purl.obolibrary.org/obo/DOID_6996
3898,Baastrup's syndrome,DOID:6643,http://purl.obolibrary.org/obo/DOID_6643
5362,pontocerebellar hypoplasia type 9,DOID:0060278,http://purl.obolibrary.org/obo/DOID_0060278
9978,gliomatosis cerebri,DOID:6128,http://purl.obolibrary.org/obo/DOID_6128
4573,hilar lung neoplasm,DOID:5767,http://purl.obolibrary.org/obo/DOID_5767
3264,brainstem intraparenchymal clear cell meningioma,DOID:4209,http://purl.obolibrary.org/obo/DOID_4209
125,spinal cord dermoid cyst,DOID:7071,http://purl.obolibrary.org/obo/DOID_7071
3076,nephrotic syndrome type 17,DOID:0080392,http://purl.obolibrary.org/obo/DOID_0080392
9732,schizophrenia 8,DOID:0070084,http://purl.obolibrary.org/obo/DOID_0070084
2490,disseminated intravascular coagulation,DOID:11247,http://purl.obolibrary.org/obo/DOID_11247
9122,gummatous syphilis,DOID:0050584,http://purl.obolibrary.org/obo/DOID_0050584
6860,Charcot-Marie-Tooth disease type 5,DOID:0080067,http://purl.obolibrary.org/obo/DOID_0080067
859,autoimmune lymphoproliferative syndrome type 4,DOID:0110117,http://purl.obolibrary.org/obo/DOID_0110117
8930,hypotrichosis,DOID:4535,http://purl.obolibrary.org/obo/DOID_4535
7940,osteomyelitis,DOID:1019,http://purl.obolibrary.org/obo/DOID_1019
6914,polycystic kidney disease 1,DOID:0110858,http://purl.obolibrary.org/obo/DOID_0110858
2721,dextro-looped transposition of the great arteries 3,DOID:0060772,http://purl.obolibrary.org/obo/DOID_0060772
5998,bladder disease,DOID:365,http://purl.obolibrary.org/obo/DOID_365
9278,granulomatous orchitis,DOID:3089,http://purl.obolibrary.org/obo/DOID_3089
2256,substernal goiter,DOID:13200,http://purl.obolibrary.org/obo/DOID_13200
6246,dermatomyositis,DOID:10223,http://purl.obolibrary.org/obo/DOID_10223
6004,Mulchandani-Bhoj-Conlin syndrome,DOID:0111714,http://purl.obolibrary.org/obo/DOID_0111714
1184,WAGR syndrome,DOID:14515,http://purl.obolibrary.org/obo/DOID_14515
5304,age related macular degeneration 10,DOID:0110022,http://purl.obolibrary.org/obo/DOID_0110022
4334,amelogenesis imperfecta type 1C,DOID:0110056,http://purl.obolibrary.org/obo/DOID_0110056
946,age related macular degeneration 7,DOID:0110019,http://purl.obolibrary.org/obo/DOID_0110019
2691,babesiosis,DOID:9643,http://purl.obolibrary.org/obo/DOID_9643
7662,glucocorticoid-induced osteoporosis,DOID:0060343,http://purl.obolibrary.org/obo/DOID_0060343
8925,polycystic kidney disease 3,DOID:0110860,http://purl.obolibrary.org/obo/DOID_0110860
3457,posterior polymorphous corneal dystrophy 1,DOID:0110855,http://purl.obolibrary.org/obo/DOID_0110855
4481,thelaziasis,DOID:0050261,http://purl.obolibrary.org/obo/DOID_0050261
454,hypertrophic cardiomyopathy 17,DOID:0110323,http://purl.obolibrary.org/obo/DOID_0110323
3300,liposarcoma,DOID:3382,http://purl.obolibrary.org/obo/DOID_3382
5770,residual stage corticosteroid-induced glaucoma,DOID:9948,http://purl.obolibrary.org/obo/DOID_9948
2310,ovarian endodermal sinus tumor,DOID:5350,http://purl.obolibrary.org/obo/DOID_5350
3092,psoriasis 8,DOID:0111288,http://purl.obolibrary.org/obo/DOID_0111288
8451,alcohol use disorder,DOID:1574,http://purl.obolibrary.org/obo/DOID_1574
1930,synovium cancer,DOID:2706,http://purl.obolibrary.org/obo/DOID_2706
8393,osteoarthritis,DOID:8398,http://purl.obolibrary.org/obo/DOID_8398
7150,autosomal recessive nonsyndromic deafness 111,DOID:0111640,http://purl.obolibrary.org/obo/DOID_0111640
9204,familial partial lipodystrophy type 2,DOID:0070202,http://purl.obolibrary.org/obo/DOID_0070202
6875,GM1 gangliosidosis type 2,DOID:0080501,http://purl.obolibrary.org/obo/DOID_0080501
6257,hypertrophic cardiomyopathy 9,DOID:0110315,http://purl.obolibrary.org/obo/DOID_0110315
4551,generalized epilepsy with febrile seizures plus 6,DOID:0111300,http://purl.obolibrary.org/obo/DOID_0111300
6799,clivus chordoma,DOID:6312,http://purl.obolibrary.org/obo/DOID_6312
7515,multiple congenital anomalies-hypotonia-seizures syndrome 2,DOID:0080139,http://purl.obolibrary.org/obo/DOID_0080139
9277,Fanconi anemia complementation group J,DOID:0111097,http://purl.obolibrary.org/obo/DOID_0111097
9166,distal arthrogryposis type 10,DOID:0111593,http://purl.obolibrary.org/obo/DOID_0111593
682,Galloway-Mowat syndrome 5,DOID:0080247,http://purl.obolibrary.org/obo/DOID_0080247
460,Joubert syndrome 31,DOID:0080277,http://purl.obolibrary.org/obo/DOID_0080277
1621,primary ciliary dyskinesia 25,DOID:0110615,http://purl.obolibrary.org/obo/DOID_0110615
5760,spinocerebellar ataxia type 15,DOID:0050965,http://purl.obolibrary.org/obo/DOID_0050965
1226,adamantinoma,DOID:2776,http://purl.obolibrary.org/obo/DOID_2776
7954,crustacean allergy,DOID:0060524,http://purl.obolibrary.org/obo/DOID_0060524
7053,adult central nervous system teratoma,DOID:6015,http://purl.obolibrary.org/obo/DOID_6015
9317,verrucous papilloma,DOID:3177,http://purl.obolibrary.org/obo/DOID_3177
4787,Laurin-Sandrow syndrome,DOID:0111350,http://purl.obolibrary.org/obo/DOID_0111350
9089,intestinal impaction,DOID:8448,http://purl.obolibrary.org/obo/DOID_8448
2909,Colorado tick fever,DOID:4885,http://purl.obolibrary.org/obo/DOID_4885
2597,pericardial tuberculosis,DOID:4962,http://purl.obolibrary.org/obo/DOID_4962
324,congenital dyserythropoietic anemia type Ia,DOID:0111398,http://purl.obolibrary.org/obo/DOID_0111398
7913,protein-deficiency anemia,DOID:13120,http://purl.obolibrary.org/obo/DOID_13120
3223,X-linked intellectual disability-cardiomegaly-congestive heart failure syndrome,DOID:0060828,http://purl.obolibrary.org/obo/DOID_0060828
5537,catecholaminergic polymorphic ventricular tachycardia 5,DOID:0060679,http://purl.obolibrary.org/obo/DOID_0060679
6184,pustular psoriasis 14,DOID:0080474,http://purl.obolibrary.org/obo/DOID_0080474
2376,inflammatory bowel disease 2,DOID:0110900,http://purl.obolibrary.org/obo/DOID_0110900
6733,complex cortical dysplasia with other brain malformations 6,DOID:0090136,http://purl.obolibrary.org/obo/DOID_0090136
6608,3-Methylcrotonyl-CoA carboxylase 1 deficiency,DOID:0080579,http://purl.obolibrary.org/obo/DOID_0080579
1085,myxedema,DOID:11634,http://purl.obolibrary.org/obo/DOID_11634
9473,hordeolum externum,DOID:13134,http://purl.obolibrary.org/obo/DOID_13134
4087,TSH producing pituitary tumor,DOID:6275,http://purl.obolibrary.org/obo/DOID_6275
975,pyridoxine deficiency anemia,DOID:8455,http://purl.obolibrary.org/obo/DOID_8455
18,Li-Fraumeni syndrome,DOID:3012,http://purl.obolibrary.org/obo/DOID_3012
4901,autosomal recessive nonsyndromic deafness 102,DOID:0110463,http://purl.obolibrary.org/obo/DOID_0110463
6240,autosomal dominant non-syndromic intellectual disability 39,DOID:0070069,http://purl.obolibrary.org/obo/DOID_0070069
3880,Mikulicz disease,DOID:12900,http://purl.obolibrary.org/obo/DOID_12900
1339,shellfish allergy,DOID:0060495,http://purl.obolibrary.org/obo/DOID_0060495
1756,pulmonary blastoma,DOID:4765,http://purl.obolibrary.org/obo/DOID_4765
4392,trichomoniasis,DOID:1947,http://purl.obolibrary.org/obo/DOID_1947
2855,malignant glioma,DOID:3070,http://purl.obolibrary.org/obo/DOID_3070
2930,gastric mucosal hypertrophy,DOID:8757,http://purl.obolibrary.org/obo/DOID_8757
391,extrahepatic bile duct adenoma,DOID:5438,http://purl.obolibrary.org/obo/DOID_5438
778,Legionnaires' disease,DOID:10457,http://purl.obolibrary.org/obo/DOID_10457
1812,spinocerebellar ataxia type 11,DOID:0050961,http://purl.obolibrary.org/obo/DOID_0050961
5080,autosomal dominant mental retardation 56,DOID:0080226,http://purl.obolibrary.org/obo/DOID_0080226
5354,Brucella abortus brucellosis,DOID:14457,http://purl.obolibrary.org/obo/DOID_14457
5535,familial juvenile hyperuricemic nephropathy,DOID:0060062,http://purl.obolibrary.org/obo/DOID_0060062
8032,polyvesicular vitelline pattern ovarian yolk sac tumor,DOID:6514,http://purl.obolibrary.org/obo/DOID_6514
3174,breast fibroadenoma,DOID:1618,http://purl.obolibrary.org/obo/DOID_1618
5628,schizophrenia 14,DOID:0070090,http://purl.obolibrary.org/obo/DOID_0070090
3651,urolithiasis,DOID:0080653,http://purl.obolibrary.org/obo/DOID_0080653
8025,primary microcephaly,DOID:0070297,http://purl.obolibrary.org/obo/DOID_0070297
2562,granuloma annulare,DOID:3777,http://purl.obolibrary.org/obo/DOID_3777
5627,orbital cellulitis,DOID:11234,http://purl.obolibrary.org/obo/DOID_11234
3771,gonadoblastoma,DOID:3301,http://purl.obolibrary.org/obo/DOID_3301
3847,collagen disease,DOID:854,http://purl.obolibrary.org/obo/DOID_854
7162,Caffey disease,DOID:4257,http://purl.obolibrary.org/obo/DOID_4257
4995,angiokeratoma circumscriptum,DOID:5949,http://purl.obolibrary.org/obo/DOID_5949
8660,brachyolmia-amelogenesis imperfecta syndrome,DOID:0090143,http://purl.obolibrary.org/obo/DOID_0090143
9136,primary immunodeficiency disease,DOID:612,http://purl.obolibrary.org/obo/DOID_612
9470,hereditary spastic paraplegia 14,DOID:0110767,http://purl.obolibrary.org/obo/DOID_0110767
923,clear cell acanthoma,DOID:172,http://purl.obolibrary.org/obo/DOID_172
8190,hereditary spastic paraplegia 39,DOID:0110790,http://purl.obolibrary.org/obo/DOID_0110790
7910,frontal lobe epilepsy,DOID:3331,http://purl.obolibrary.org/obo/DOID_3331
5209,type 1 diabetes mellitus 22,DOID:0110759,http://purl.obolibrary.org/obo/DOID_0110759
233,spinocerebellar ataxia 45,DOID:0080287,http://purl.obolibrary.org/obo/DOID_0080287
636,familial hypobetalipoproteinemia 1,DOID:0111062,http://purl.obolibrary.org/obo/DOID_0111062
8314,cocaine dependence,DOID:9975,http://purl.obolibrary.org/obo/DOID_9975
1946,autosomal dominant non-syndromic intellectual disability 9,DOID:0070039,http://purl.obolibrary.org/obo/DOID_0070039
6889,ovarian dysgenesis 3,DOID:0080495,http://purl.obolibrary.org/obo/DOID_0080495
7055,ovarian carcinosarcoma,DOID:6170,http://purl.obolibrary.org/obo/DOID_6170
5827,kidney cortex disease,DOID:0080616,http://purl.obolibrary.org/obo/DOID_0080616
7784,prostatic hypertrophy,DOID:11132,http://purl.obolibrary.org/obo/DOID_11132
1966,localized scleroderma,DOID:8472,http://purl.obolibrary.org/obo/DOID_8472
7501,lujo hemorrhagic fever,DOID:0050202,http://purl.obolibrary.org/obo/DOID_0050202
7079,autosomal dominant non-syndromic intellectual disability 22,DOID:0070052,http://purl.obolibrary.org/obo/DOID_0070052
5689,"toluene 2,4-diisocyanate allergic asthma",DOID:0040104,http://purl.obolibrary.org/obo/DOID_0040104
911,sclerosteosis,DOID:0060251,http://purl.obolibrary.org/obo/DOID_0060251
4701,adrenal gland pheochromocytoma,DOID:0050892,http://purl.obolibrary.org/obo/DOID_0050892
702,benign renovascular hypertension,DOID:13145,http://purl.obolibrary.org/obo/DOID_13145
8628,orofacial cleft 5,DOID:0080399,http://purl.obolibrary.org/obo/DOID_0080399
236,mechanical ectropion,DOID:1569,http://purl.obolibrary.org/obo/DOID_1569
4271,eye carcinoma,DOID:295,http://purl.obolibrary.org/obo/DOID_295
4658,Phelan-McDermid syndrome,DOID:0080354,http://purl.obolibrary.org/obo/DOID_0080354
7837,brain stem glioma,DOID:4202,http://purl.obolibrary.org/obo/DOID_4202
6311,dracunculiasis,DOID:14418,http://purl.obolibrary.org/obo/DOID_14418
2881,distal hereditary motor neuronopathy type 2C,DOID:0111209,http://purl.obolibrary.org/obo/DOID_0111209
