id,name,is_group,source
7164,nadide,0,DRUGDB
5723,hexetidine,0,DRUGDB
4374,ibuprofen,0,DRUGDB
5757,cilomilast,0,DRUGDB
5881,tevenel,0,DRUGDB
7221,macrogol,0,DRUGDB
5228,ethinylestradiol,0,DRUGDB
5285,isobromindione,0,DRUGDB
7454,ferric citrate,0,DRUGDB
4497,ancitabine,0,DRUGDB
6086,bopindolol,0,DRUGDB
5702,perflexane,0,DRUGDB
4599,rufinamide,0,DRUGDB
5612,dilevalol,0,DRUGDB
7134,exenatide,0,DRUGDB
4820,ifosfamide,0,DRUGDB
6365,paricalcitol,0,DRUGDB
4490,enallylpropymal,0,DRUGDB
6819,alatrofloxacin,0,DRUGDB
6225,pholcodine,0,DRUGDB
7008,vinflunine,0,DRUGDB
7007,mydecamycin,0,DRUGDB
5063,diazepam,0,DRUGDB
4678,parsalmide,0,DRUGDB
7373,calcitonin (human synthetic),0,DRUGDB
6442,vofopitant,0,DRUGDB
5378,nifenazone,0,DRUGDB
5752,siccanin,0,DRUGDB
4103,gepefrine,0,DRUGDB
4639,isonixin,0,DRUGDB
7626,trimethyldiphenylpropylamine,0,DRUGDB
7369,etybenzatropine,0,DRUGDB
5528,dibunate,0,DRUGDB
5350,phenolphthalol,0,DRUGDB
5604,difemerine,0,DRUGDB
7206,rivaroxaban,0,DRUGDB
5008,sulfamonomethoxine,0,DRUGDB
6754,fusidic acid,0,DRUGDB
6464,exatecan,0,DRUGDB
5611,labetalol,0,DRUGDB
6160,gemifloxacin,0,DRUGDB
6322,calcipotriene,0,DRUGDB
5811,biapenem,0,DRUGDB
6641,feclobuzone,0,DRUGDB
6253,clocinizine,0,DRUGDB
7706,alphaprodine,0,DRUGDB
6029,anagestone acetate,0,DRUGDB
6857,cefodizime,0,DRUGDB
4325,metyrosine,0,DRUGDB
7492,inosine pranobex,0,DRUGDB
4383,pilocarpine,0,DRUGDB
6246,bemetizide,0,DRUGDB
6295,omapatrilat,0,DRUGDB
6952,glucosaminylmuramyl dipeptide,0,DRUGDB
7392,menthyl salicylate,0,DRUGDB
5954,clostebol acetate,0,DRUGDB
7344,tegafur,0,DRUGDB
7426,choline fenofibrate,0,DRUGDB
3920,zinc oxide,0,DRUGDB
5171,perfosfamide,0,DRUGDB
6525,sofalcone,0,DRUGDB
6102,eletriptan,0,DRUGDB
4950,tilidine,0,DRUGDB
4438,fencamfamin,0,DRUGDB
5276,metandienone,0,DRUGDB
4183,pyrithyldione,0,DRUGDB
4378,toloxatone,0,DRUGDB
5999,cilostazol,0,DRUGDB
6328,dichlorisone,0,DRUGDB
6167,cyclothiazide,0,DRUGDB
7432,tetracosactide,0,DRUGDB
7056,quinupristin,0,DRUGDB
6645,pralatrexate,0,DRUGDB
4981,maprotiline,0,DRUGDB
7686,ecallantide,0,DRUGDB
6670,nicergoline,0,DRUGDB
7212,lucinactant,0,DRUGDB
7695,conjugated estrogens,0,DRUGDB
6354,guaiacol phosphate,0,DRUGDB
6042,cyproterone,0,DRUGDB
5120,tetrazepam,0,DRUGDB
5180,pramiverine,0,DRUGDB
5722,rociverine,0,DRUGDB
5885,cafedrine,0,DRUGDB
3944,ethylamine,0,DRUGDB
6143,urapidil,0,DRUGDB
5791,enalaprilat,0,DRUGDB
4451,meprobamate,0,DRUGDB
5548,chloramphenicol,0,DRUGDB
6190,brotizolam,0,DRUGDB
7652,dipiperonylaminoethanol,0,DRUGDB
4424,carmustine,0,DRUGDB
7487,hydroxyethylpromethazine,0,DRUGDB
4622,pirbuterol,0,DRUGDB
5361,sulfasymazine,0,DRUGDB
5046,tropisetron,0,DRUGDB
6586,bacampicillin,0,DRUGDB
7574,omacetaxine mepesuccinate,0,DRUGDB
5386,alprazolam,0,DRUGDB
4413,secbutabarbital,0,DRUGDB
6595,edatrexate,0,DRUGDB
3919,calcium carbonate,0,DRUGDB
6037,clebopride,0,DRUGDB
5162,lobenzarit,0,DRUGDB
6991,erythromycin propionate,0,DRUGDB
4521,guaiacol benzoate,0,DRUGDB
7257,olaflur,0,DRUGDB
3961,ethyl acetate,0,DRUGDB
6722,amcinonide,0,DRUGDB
6499,thiothixene,0,DRUGDB
7512,magnesium phosphate,0,DRUGDB
4259,sorbitol,0,DRUGDB
7009,pralmorelin,0,DRUGDB
6607,diethylaminoethoxyhexestrol,0,DRUGDB
4161,pentorex,0,DRUGDB
4672,doxifluridine,0,DRUGDB
7075,valspodar,0,DRUGDB
7538,enzalutamide,0,DRUGDB
5663,pentoxyverine,0,DRUGDB
5808,loracarbef,0,DRUGDB
4818,ropinirole,0,DRUGDB
4780,levorphanol,0,DRUGDB
7558,fluorometholone acetate,0,DRUGDB
4330,pildralazine,0,DRUGDB
7624,tacalcitol,0,DRUGDB
4869,doxofylline,0,DRUGDB
5426,propamidine,0,DRUGDB
6510,thiopropazate,0,DRUGDB
5220,trifluridine,0,DRUGDB
3898,quifenadine,0,DRUGDB
6897,iomeglamic acid,0,DRUGDB
7171,gadoversetamide,0,DRUGDB
5480,pentaerithrityl tetranitrate,0,DRUGDB
7359,dibromotyrosine,0,DRUGDB
5255,norethisterone,0,DRUGDB
4335,guaifenesin,0,DRUGDB
6921,acarbose,0,DRUGDB
7346,carisbamate,0,DRUGDB
5339,zaleplon,0,DRUGDB
7375,aluminium chloride,0,DRUGDB
6919,tyropanoate,0,DRUGDB
5106,piromidic acid,0,DRUGDB
7533,linolenic acid,0,DRUGDB
5457,ranitidine,0,DRUGDB
6727,benidipine,0,DRUGDB
6035,prasugrel,0,DRUGDB
7472,fosfructose,0,DRUGDB
5019,histapyrrodine,0,DRUGDB
7301,bioallethrin,0,DRUGDB
4263,succimer,0,DRUGDB
7236,tocofersolan,0,DRUGDB
5848,valganciclovir,0,DRUGDB
4090,methamphetamine,0,DRUGDB
5840,acenocoumarol,0,DRUGDB
4632,salinazid,0,DRUGDB
4874,bucolome,0,DRUGDB
4039,isoniazid,0,DRUGDB
7467,fluoroethylcholine (18F),0,DRUGDB
6716,travoprost,0,DRUGDB
5541,kebuzone,0,DRUGDB
5042,levallorphan,0,DRUGDB
4671,floxuridine,0,DRUGDB
6614,dicloxacillin,0,DRUGDB
5012,phenprocoumon,0,DRUGDB
7211,ivacaftor,0,DRUGDB
4066,ethchlorvynol,0,DRUGDB
6947,prednisolone steaglate,0,DRUGDB
4532,amiloride,0,DRUGDB
5858,sultopride,0,DRUGDB
4151,bethanechol,0,DRUGDB
7587,pleconaril,0,DRUGDB
5590,bumadizone,0,DRUGDB
4171,benzocaine,0,DRUGDB
4331,halothane,0,DRUGDB
7208,ticagrelor,0,DRUGDB
4478,rimiterol,0,DRUGDB
3958,piperazine,0,DRUGDB
6171,flavoxate,0,DRUGDB
5990,cinnarizine,0,DRUGDB
6707,mibefradil,0,DRUGDB
6054,enalapril,0,DRUGDB
6217,melarsoprol,0,DRUGDB
6287,nandrolone phenpropionate,0,DRUGDB
5973,atovaquone,0,DRUGDB
6395,benazepril,0,DRUGDB
6191,metaclazepam,0,DRUGDB
4684,emtricitabine,0,DRUGDB
4099,phenicarbazide,0,DRUGDB
6371,simvastatin,0,DRUGDB
6899,framycetin,0,DRUGDB
4095,pheniprazine,0,DRUGDB
7126,nesiritide,0,DRUGDB
6888,rutoside,0,DRUGDB
7490,idanpramine,0,DRUGDB
7323,dequalinium,0,DRUGDB
7745,Irreversible inhibitors of MAO-B,1,LEXICOMP
4358,tryptophan,0,DRUGDB
5269,carbazochrome,0,DRUGDB
4107,hydroxymethylnicotinamide,0,DRUGDB
6664,cefepime,0,DRUGDB
7650,dimethylcarbate,0,DRUGDB
6476,sertaconazole,0,DRUGDB
7233,selenium sulfide,0,DRUGDB
7532,lycopene,0,DRUGDB
3998,foscarnet,0,DRUGDB
6942,saquinavir,0,DRUGDB
5394,benzydamine,0,DRUGDB
7195,eribulin,0,DRUGDB
5679,almotriptan,0,DRUGDB
5927,metampicillin,0,DRUGDB
3991,trometamol,0,DRUGDB
5039,risedronic acid,0,DRUGDB
7605,sodium edetate,0,DRUGDB
5579,mecillinam,0,DRUGDB
6730,tropesin,0,DRUGDB
5616,promestriene,0,DRUGDB
7394,droxypropine,0,DRUGDB
4149,methacholine,0,DRUGDB
6551,testosterone undecanoate,0,DRUGDB
6974,indocyanine green,0,DRUGDB
5436,levonorgestrel,0,DRUGDB
6094,benperidol,0,DRUGDB
7721,Strong CYP2C9 Inhibitors,1,LEXICOMP
5544,mequitazine,0,DRUGDB
4949,modafinil,0,DRUGDB
6700,pheniodol sodium,0,DRUGDB
6072,fluprednisolone,0,DRUGDB
5515,norfloxacin,0,DRUGDB
4203,hexacyclonate sodium,0,DRUGDB
4300,dihydralazine,0,DRUGDB
7200,abiraterone,0,DRUGDB
3888,mercurochrome,0,DRUGDB
4010,vigabatrin,0,DRUGDB
5560,oxysonium,0,DRUGDB
6261,gadoterate meglumine,0,DRUGDB
5825,tazarotene,0,DRUGDB
4408,mefenorex,0,DRUGDB
3996,guaiacol,0,DRUGDB
7701,potassium phosphate,0,DRUGDB
5055,promethazine,0,DRUGDB
4288,aceglutamide,0,DRUGDB
5794,acrivastine,0,DRUGDB
7297,ammonium chloride,0,DRUGDB
6601,tartrazine,0,DRUGDB
4285,pivagabine,0,DRUGDB
6078,celiprolol,0,DRUGDB
4600,dipyrocetyl,0,DRUGDB
6704,flumetasone pivalate,0,DRUGDB
6834,isepamicin,0,DRUGDB
5410,mabuterol,0,DRUGDB
6585,loprazolam,0,DRUGDB
6015,azaribine,0,DRUGDB
4922,clofenamide,0,DRUGDB
6590,benfotiamine,0,DRUGDB
5605,benactyzine,0,DRUGDB
6314,tanomastat,0,DRUGDB
4316,temozolomide,0,DRUGDB
4355,methsuximide,0,DRUGDB
4091,ditiocarb,0,DRUGDB
4420,guanadrel,0,DRUGDB
4823,flumequine,0,DRUGDB
4127,propylhexedrine,0,DRUGDB
6494,deflazacort,0,DRUGDB
7272,(2-benzhydryloxyethyl)diethyl-methylammonium iodide,0,DRUGDB
3876,sofosbuvir,0,DRUGDB
5554,cicloprolol,0,DRUGDB
6326,ziprasidone,0,DRUGDB
4135,oteracil,0,DRUGDB
7069,dapaglifozin,0,DRUGDB
5166,cloranolol,0,DRUGDB
5632,almecillin,0,DRUGDB
5914,nadifloxacin,0,DRUGDB
6291,bidisomide,0,DRUGDB
3865,nordefrin,0,DRUGDB
4850,iprazochrome,0,DRUGDB
7341,clodantoin,0,DRUGDB
6839,pancuronium,0,DRUGDB
6130,racecadotril,0,DRUGDB
3945,ethanol,0,DRUGDB
6018,tamoxifen,0,DRUGDB
6176,paramethasone,0,DRUGDB
4635,mefenamic acid,0,DRUGDB
7602,sodium apolate,0,DRUGDB
6681,dasatinib,0,DRUGDB
5116,levobupivacaine,0,DRUGDB
7622,sulglicotide,0,DRUGDB
6258,alpidem,0,DRUGDB
7750,Vasodilators Organic Nitrates,1,LEXICOMP
5884,tolrestat,0,DRUGDB
5606,norelgestromin,0,DRUGDB
5505,bietamiverine,0,DRUGDB
6776,daunorubicin,0,DRUGDB
4795,lofexidine,0,DRUGDB
7032,Spiramycin II,0,DRUGDB
6918,nicomol,0,DRUGDB
4749,sulfadicramide,0,DRUGDB
5140,sulcaine,0,DRUGDB
7673,polystyrene sulfonate,0,DRUGDB
5822,dipivefrine,0,DRUGDB
4713,gemfibrozil,0,DRUGDB
6862,hidrosmin,0,DRUGDB
5381,gestrinone,0,DRUGDB
7554,ibuprofen lysine,0,DRUGDB
6642,loperamide,0,DRUGDB
4073,adipic acid,0,DRUGDB
5764,formoterol,0,DRUGDB
4459,dacisteine,0,DRUGDB
5374,pirenoxine,0,DRUGDB
6202,abanoquil,0,DRUGDB
6855,dihydroergotamine,0,DRUGDB
4511,crotetamide,0,DRUGDB
5847,aceclofenac,0,DRUGDB
5658,ipratropium,0,DRUGDB
5672,proglumide,0,DRUGDB
5622,nitisinone,0,DRUGDB
6382,topotecan,0,DRUGDB
4322,salamidacetic acid,0,DRUGDB
7606,sodium feredetate,0,DRUGDB
5975,dioxyline,0,DRUGDB
4773,clorindione,0,DRUGDB
6866,etoposide,0,DRUGDB
5637,dipiproverine,0,DRUGDB
5050,articaine,0,DRUGDB
7303,bisoxatin,0,DRUGDB
4403,metaproterenol,0,DRUGDB
5856,pipenzolate,0,DRUGDB
4506,carbidopa,0,DRUGDB
5340,amiprilose,0,DRUGDB
5474,efavirenz,0,DRUGDB
4503,esaprazole,0,DRUGDB
5086,androstenedione,0,DRUGDB
4138,ethadione,0,DRUGDB
6692,barnidipine,0,DRUGDB
7749,Tricyclic Antidepressants,1,LEXICOMP
4305,citric acid,0,DRUGDB
7241,magnesium carbonate,0,DRUGDB
4033,phenelzine,0,DRUGDB
4831,cinoxacin,0,DRUGDB
7336,choline theophyllinate,0,DRUGDB
7456,ferrous ascorbate,0,DRUGDB
6154,zopiclone,0,DRUGDB
4744,fenbufen,0,DRUGDB
7010,etiroxate,0,DRUGDB
6402,epitizide,0,DRUGDB
6393,benzbromarone,0,DRUGDB
6556,fumagillin,0,DRUGDB
7722,Strong CYP2C9 Inducers,1,LEXICOMP
6349,isoconazole,0,DRUGDB
7268,UREA C-13,0,DRUGDB
5144,suxamethonium,0,DRUGDB
4372,pheneturide,0,DRUGDB
5778,bevantolol,0,DRUGDB
7074,leuprorelin,0,DRUGDB
6283,carvedilol,0,DRUGDB
4827,phenindamine,0,DRUGDB
7505,linsidomine,0,DRUGDB
4057,methylthiouracil,0,DRUGDB
4278,secnidazole,0,DRUGDB
7332,calcium pangamate,0,DRUGDB
6570,cinnoxicam,0,DRUGDB
6061,haloxazolam,0,DRUGDB
5029,terodiline,0,DRUGDB
7325,decamethrin,0,DRUGDB
6795,romidepsin,0,DRUGDB
5938,dexetimide,0,DRUGDB
4385,oxyfenamate,0,DRUGDB
4293,phensuximide,0,DRUGDB
3959,morpholine,0,DRUGDB
4743,ketoprofen,0,DRUGDB
4256,hexapropymate,0,DRUGDB
7656,mepartricin,0,DRUGDB
4877,desipramine,0,DRUGDB
7049,ceruletide,0,DRUGDB
4703,epinastine,0,DRUGDB
7061,plicamycin,0,DRUGDB
6534,diphenoxylate,0,DRUGDB
7517,diosmetin,0,DRUGDB
5405,trepibutone,0,DRUGDB
5163,zomepirac,0,DRUGDB
6682,neltenexine,0,DRUGDB
7050,lanatoside C,0,DRUGDB
5615,levomepromazine,0,DRUGDB
4999,ramosetron,0,DRUGDB
5428,ibuprofen guaiacol ester,0,DRUGDB
5610,loxapine,0,DRUGDB
7429,racepinefrine,0,DRUGDB
4546,nifurprazine,0,DRUGDB
4193,chlorzoxazone,0,DRUGDB
6506,halometasone,0,DRUGDB
7302,bismuth subcitrate,0,DRUGDB
5047,tropicamide,0,DRUGDB
5826,phenadoxone,0,DRUGDB
7675,seractide,0,DRUGDB
6911,metrizoic acid,0,DRUGDB
5083,abacavir,0,DRUGDB
6970,azithromycin,0,DRUGDB
6867,pentigetide,0,DRUGDB
6951,dalfopristin,0,DRUGDB
3972,choline,0,DRUGDB
4475,bromisoval,0,DRUGDB
5769,medroxyprogesterone,0,DRUGDB
5920,drostanolone propionate,0,DRUGDB
6490,estradiol undecylate,0,DRUGDB
7483,nomegestrol,0,DRUGDB
6603,lomerizine,0,DRUGDB
6380,etofylline clofibrate,0,DRUGDB
7661,masitinib,0,DRUGDB
6198,orbifloxacin,0,DRUGDB
6243,moxifloxacin,0,DRUGDB
5557,lysergide,0,DRUGDB
5223,exiproben,0,DRUGDB
5096,etodolac,0,DRUGDB
7064,caspofungin,0,DRUGDB
6711,moexipril,0,DRUGDB
5092,tenofovir,0,DRUGDB
6449,clometocillin,0,DRUGDB
6858,amikacin,0,DRUGDB
6616,enoxolone,0,DRUGDB
7506,lithium succinate,0,DRUGDB
4146,pargyline,0,DRUGDB
6388,nandrolone cyclotate,0,DRUGDB
5558,tolciclate,0,DRUGDB
6755,probucol,0,DRUGDB
7564,betamethasone phosphate,0,DRUGDB
6145,tioconazole,0,DRUGDB
6859,fosamprenavir,0,DRUGDB
5888,nalbuphine,0,DRUGDB
5861,etretinate,0,DRUGDB
6034,sepimostat,0,DRUGDB
7228,gentamicin,0,DRUGDB
5496,hexocyclium,0,DRUGDB
6860,tigecycline,0,DRUGDB
6259,tosufloxacin,0,DRUGDB
5256,benzestrol,0,DRUGDB
5329,mestanolone,0,DRUGDB
4993,triprolidine,0,DRUGDB
6118,bortezomib,0,DRUGDB
5477,fentiazac,0,DRUGDB
4154,fenadiazole,0,DRUGDB
4775,pyrrolnitrin,0,DRUGDB
4320,aminoacridine,0,DRUGDB
5425,pyrrobutamine,0,DRUGDB
7561,benzoic acid,0,DRUGDB
3949,vinyl ether,0,DRUGDB
4449,triacetin,0,DRUGDB
4575,meprylcaine,0,DRUGDB
6547,clevidipine,0,DRUGDB
5460,sulbentine,0,DRUGDB
4926,carbubarb,0,DRUGDB
5082,neotropine,0,DRUGDB
4004,3-quinuclidinol,0,DRUGDB
5714,carbenin,0,DRUGDB
5734,propiomazine,0,DRUGDB
6890,manidipine,0,DRUGDB
5532,lonidamine,0,DRUGDB
6323,benzethonium,0,DRUGDB
4570,octacaine,0,DRUGDB
5511,chlorpromazine,0,DRUGDB
4027,levamfetamine,0,DRUGDB
4730,triamterene,0,DRUGDB
4917,hexestrol,0,DRUGDB
3987,betaine,0,DRUGDB
4037,salicylamide,0,DRUGDB
7157,auranofin,0,DRUGDB
4386,proflavine,0,DRUGDB
4837,cibenzoline,0,DRUGDB
5040,papaveroline,0,DRUGDB
6569,lenampicillin,0,DRUGDB
6480,flusalan,0,DRUGDB
5901,etoricoxib,0,DRUGDB
7269,sevelamer,0,DRUGDB
6724,icodextrin,0,DRUGDB
6305,benexate,0,DRUGDB
4106,mandelic acid,0,DRUGDB
4720,cyverine,0,DRUGDB
4580,isosorbide dinitrate,0,DRUGDB
5620,clorexolone,0,DRUGDB
6892,novobiocin,0,DRUGDB
6871,keracyanin,0,DRUGDB
7658,ridaforolimus,0,DRUGDB
4086,methionine,0,DRUGDB
6963,petrichloral,0,DRUGDB
4352,hexamethonium,0,DRUGDB
5053,bibenzonium,0,DRUGDB
4235,mexiletine,0,DRUGDB
3960,dimethylacetamide,0,DRUGDB
5530,timepidium,0,DRUGDB
7047,alprostadil alfadex,0,DRUGDB
5760,clotiapine,0,DRUGDB
7012,glycyrrhizic acid,0,DRUGDB
4061,valnoctamide,0,DRUGDB
5768,medrysone,0,DRUGDB
4391,phanquinone,0,DRUGDB
5356,prifinium,0,DRUGDB
6197,gemeprost,0,DRUGDB
4339,guanethidine,0,DRUGDB
5667,bromazine,0,DRUGDB
5382,metabutoxycaine,0,DRUGDB
6886,dexniguldipine,0,DRUGDB
4810,tiazofurine,0,DRUGDB
5081,sulfametrole,0,DRUGDB
4841,hydroxypethidine,0,DRUGDB
6675,imiclopazine,0,DRUGDB
5097,zolmitriptan,0,DRUGDB
5123,tazanolast,0,DRUGDB
4621,hexethal,0,DRUGDB
6917,bunamiodyl,0,DRUGDB
5229,palonosetron,0,DRUGDB
4274,undecylenic acid,0,DRUGDB
6289,sitagliptin,0,DRUGDB
6843,oleandrin,0,DRUGDB
6740,pinaverium,0,DRUGDB
6463,aztreonam,0,DRUGDB
5250,carazolol,0,DRUGDB
5108,difenpiramide,0,DRUGDB
4177,fenoxypropazine,0,DRUGDB
4520,pemirolast,0,DRUGDB
7597,pyrethrum,0,DRUGDB
5268,tazobactam,0,DRUGDB
5346,fenoldopam,0,DRUGDB
4582,hexobarbital,0,DRUGDB
7610,ponatinib,0,DRUGDB
6552,minocycline,0,DRUGDB
4612,moprolol,0,DRUGDB
5824,pipoxolan,0,DRUGDB
5876,niaprazine,0,DRUGDB
7700,bismuth subsalicylate,0,DRUGDB
4350,indanazoline,0,DRUGDB
6346,halofenate,0,DRUGDB
5996,sulfadiasulfone,0,DRUGDB
5188,troxipide,0,DRUGDB
5681,norpipanone,0,DRUGDB
4373,dexibuprofen,0,DRUGDB
7142,sodium lactate,0,DRUGDB
4753,butanilicaine,0,DRUGDB
5599,docosanol,0,DRUGDB
3984,glycocyamine,0,DRUGDB
5000,etamiphylline,0,DRUGDB
6092,celecoxib,0,DRUGDB
5547,clostebol,0,DRUGDB
6698,imatinib,0,DRUGDB
5398,diphenidol,0,DRUGDB
6623,ximelagatran,0,DRUGDB
5445,ethylmorphine,0,DRUGDB
6267,benzquinamide,0,DRUGDB
5142,methylhomatropine,0,DRUGDB
5942,rufloxacin,0,DRUGDB
7415,ferrous gluconate,0,DRUGDB
7158,lubiprostone,0,DRUGDB
5804,ulifloxacin,0,DRUGDB
6083,meticillin,0,DRUGDB
6373,etodroxizine,0,DRUGDB
7053,oxytocin,0,DRUGDB
4001,phloroglucinol,0,DRUGDB
6548,delavirdine,0,DRUGDB
6006,nomegestrol acetate,0,DRUGDB
6296,cholic acid,0,DRUGDB
4776,carmofur,0,DRUGDB
5499,pazufloxacin,0,DRUGDB
7604,sodium aurotiosulfate,0,DRUGDB
6962,valrubicin,0,DRUGDB
6774,protoverine,0,DRUGDB
4030,allopurinol,0,DRUGDB
6319,butoconazole,0,DRUGDB
7663,radium Ra 223 dichloride,0,DRUGDB
7748,Indirectly Acting Sympathomimetic Amines,1,LEXICOMP
7562,brilliant green,0,DRUGDB
4932,nepinalone,0,DRUGDB
5937,solifenacin,0,DRUGDB
6638,betamethasone valerate,0,DRUGDB
5607,butorphanol,0,DRUGDB
3923,sodium fluoride,0,DRUGDB
6747,telmisartan,0,DRUGDB
4842,melperone,0,DRUGDB
7543,Choline C-11,0,DRUGDB
3913,choline magnesium trisalicylate,0,DRUGDB
7227,carbamide,0,DRUGDB
7385,prednisolone sodium phosphate,0,DRUGDB
5003,doxepin,0,DRUGDB
7254,lasofoxifene,0,DRUGDB
5393,amolanone,0,DRUGDB
6801,ceftazidime,0,DRUGDB
4379,guanoxan,0,DRUGDB
5979,fenbutrazate,0,DRUGDB
5482,febuxostat,0,DRUGDB
6423,methargen,0,DRUGDB
7537,spinosad,0,DRUGDB
5041,cadralazine,0,DRUGDB
7404,ammonium lactate,0,DRUGDB
6508,glipizide,0,DRUGDB
7288,alogliptin,0,DRUGDB
7669,gramicidin,0,DRUGDB
5487,calusterone,0,DRUGDB
7182,carbocisteine,0,DRUGDB
7034,miocamycin,0,DRUGDB
5311,flumazenil,0,DRUGDB
4721,pirprofen,0,DRUGDB
5490,oxyphenisatine,0,DRUGDB
5427,artemotil,0,DRUGDB
4442,bisorcic,0,DRUGDB
5915,prednisolone,0,DRUGDB
5114,prasterone,0,DRUGDB
7523,trypan blue,0,DRUGDB
7202,vandetanib,0,DRUGDB
4913,epervudine,0,DRUGDB
5430,praziquantel,0,DRUGDB
5025,ciclosidomine,0,DRUGDB
6583,sorafenib,0,DRUGDB
7071,gonadorelin,0,DRUGDB
6900,paromomycin,0,DRUGDB
4238,memantine,0,DRUGDB
5963,metolazone,0,DRUGDB
7086,iodoxamic acid,0,DRUGDB
4662,clodronic acid,0,DRUGDB
4501,prenalterol,0,DRUGDB
4180,orthocaine,0,DRUGDB
7714,Strong CYP1A2 Inducers,1,LEXICOMP
5332,cetylpyridinium,0,DRUGDB
4947,oxaflozane,0,DRUGDB
7271,laropiprant,0,DRUGDB
5238,glybuzole,0,DRUGDB
6245,amperozide,0,DRUGDB
7544,sodium hydroxide,0,DRUGDB
5661,brivudine,0,DRUGDB
4931,racemethorphan,0,DRUGDB
7356,plerixafor,0,DRUGDB
5173,ondansetron,0,DRUGDB
7283,clofezone,0,DRUGDB
6378,levocabastine,0,DRUGDB
5529,camylofin,0,DRUGDB
6333,sancycline,0,DRUGDB
5281,clobazam,0,DRUGDB
6990,metrizamide,0,DRUGDB
5033,artemisinin,0,DRUGDB
4484,tigloidine,0,DRUGDB
4983,perhexiline,0,DRUGDB
5812,disofenin,0,DRUGDB
7099,fondaparinux,0,DRUGDB
5049,sulfaethidole,0,DRUGDB
6791,ambenonium,0,DRUGDB
4047,phenoxyethanol,0,DRUGDB
6450,brovincamine,0,DRUGDB
5102,procyclidine,0,DRUGDB
4762,diphenhydramine,0,DRUGDB
4540,isocarboxazid,0,DRUGDB
7371,bufylline,0,DRUGDB
4666,oxolamine,0,DRUGDB
4117,dopamine,0,DRUGDB
5614,suplatast,0,DRUGDB
5639,icosapent ethyl,0,DRUGDB
5349,acediasulfone,0,DRUGDB
4005,thiouracil,0,DRUGDB
4140,oxanamide,0,DRUGDB
5001,moxisylyte,0,DRUGDB
3967,methylpentynol,0,DRUGDB
5587,clemizole,0,DRUGDB
6529,dibekacin,0,DRUGDB
6792,nafiverine,0,DRUGDB
4130,orotic acid,0,DRUGDB
3872,riociguat,0,DRUGDB
7144,sodium bicarbonate,0,DRUGDB
4270,phosphorylcholine,0,DRUGDB
5907,rabeprazole,0,DRUGDB
4399,zalcitabine,0,DRUGDB
5719,dextropropoxyphene,0,DRUGDB
4036,methyl nicotinate,0,DRUGDB
6024,aminoquinuride,0,DRUGDB
6554,azimilide,0,DRUGDB
5277,isotretinoin,0,DRUGDB
5917,aldosterone,0,DRUGDB
4101,phenylpropanolamine,0,DRUGDB
6270,taltirelin,0,DRUGDB
6659,clocapramine,0,DRUGDB
6753,muraglitazar,0,DRUGDB
3906,tedisamil,0,DRUGDB
5159,penbutolol,0,DRUGDB
5741,naltrexone,0,DRUGDB
4007,dichloroacetic acid,0,DRUGDB
7633,thioctic acid,0,DRUGDB
5446,xenysalate,0,DRUGDB
3938,crizotinib,0,DRUGDB
5507,eltanolone,0,DRUGDB
5966,cyclovalone,0,DRUGDB
7708,Moderate CYP3A4 Inducers,1,LEXICOMP
4562,meptazinol,0,DRUGDB
6782,nilotinib,0,DRUGDB
6600,cromoglicic acid,0,DRUGDB
4587,amithiozone,0,DRUGDB
4990,proquazone,0,DRUGDB
6667,bekanamycin,0,DRUGDB
4896,ripazepam,0,DRUGDB
7515,maribavir,0,DRUGDB
5318,piroheptine,0,DRUGDB
5148,carbinoxamine,0,DRUGDB
5406,cetamolol,0,DRUGDB
5226,bentazepam,0,DRUGDB
7353,cyfluthrin,0,DRUGDB
7578,oxabolone cipionate,0,DRUGDB
4668,tolperisone,0,DRUGDB
4704,mabuprofen,0,DRUGDB
3962,deanol,0,DRUGDB
6927,metocurine,0,DRUGDB
7647,aurotioprol,0,DRUGDB
3982,methylhexaneamine,0,DRUGDB
5628,androisoxazole,0,DRUGDB
4267,clortermine,0,DRUGDB
5161,melitracen,0,DRUGDB
4265,epinephrine,0,DRUGDB
5921,ethyl loflazepate,0,DRUGDB
7635,ticlatone,0,DRUGDB
5434,guggulsterone,0,DRUGDB
6758,benziodarone,0,DRUGDB
6386,conivaptan,0,DRUGDB
4809,khellin,0,DRUGDB
7091,histrelin,0,DRUGDB
7478,gepirone,0,DRUGDB
5412,alloclamide,0,DRUGDB
6881,tezosentan,0,DRUGDB
6189,amsacrine,0,DRUGDB
7419,haloperidol decanoate,0,DRUGDB
7488,ibacitabine,0,DRUGDB
5455,valdecoxib,0,DRUGDB
5625,paroxetine,0,DRUGDB
6715,tritoqualine,0,DRUGDB
4718,rimazolium,0,DRUGDB
5668,mitomycin,0,DRUGDB
5648,oxyclipine,0,DRUGDB
3941,nitric oxide,0,DRUGDB
3930,telbivudine,0,DRUGDB
5823,tamibarotene,0,DRUGDB
5585,tolterodine,0,DRUGDB
4250,teflurane,0,DRUGDB
5104,fospropofol,0,DRUGDB
5379,ubenimex,0,DRUGDB
4909,bifemelane,0,DRUGDB
7258,4-dimethylaminophenol,0,DRUGDB
5432,glybuthiazol,0,DRUGDB
4995,gamolenic acid,0,DRUGDB
7317,xenon (127Xe) gas,0,DRUGDB
5899,dimethoxanate,0,DRUGDB
7755,Moderate Risk QT Prolonging Agents,1,LEXICOMP
6673,gallopamil,0,DRUGDB
4801,propranolol,0,DRUGDB
4945,adefovir,0,DRUGDB
5961,trimetaphan,0,DRUGDB
6394,cefuroxime,0,DRUGDB
6745,maraviroc,0,DRUGDB
5347,sertraline,0,DRUGDB
7265,alaproclate,0,DRUGDB
5093,nifurtimox,0,DRUGDB
6793,mezlocillin,0,DRUGDB
4815,carisoprodol,0,DRUGDB
7617,tricaprylin,0,DRUGDB
4360,ethotoin,0,DRUGDB
4886,apomorphine,0,DRUGDB
3918,nitrous oxide,0,DRUGDB
6794,ciclesonide,0,DRUGDB
6438,piritramide,0,DRUGDB
3947,boric acid,0,DRUGDB
6398,alvimopan,0,DRUGDB
5242,dimantine,0,DRUGDB
7670,sodium borate,0,DRUGDB
4505,proxibarbal,0,DRUGDB
5375,nimesulide,0,DRUGDB
5708,cefacetrile,0,DRUGDB
4880,zidovudine,0,DRUGDB
5024,indoprofen,0,DRUGDB
7152,hydrocortisone acetate,0,DRUGDB
4901,propatylnitrate,0,DRUGDB
5711,papaverine,0,DRUGDB
7511,magnesium peroxide,0,DRUGDB
4345,tegafur-uracil,0,DRUGDB
6559,fluazacort,0,DRUGDB
4225,propofol,0,DRUGDB
5289,tegaserod,0,DRUGDB
4105,methylparaben,0,DRUGDB
7400,fosaprepitant,0,DRUGDB
7104,iotrolan,0,DRUGDB
4512,pirlindole,0,DRUGDB
6027,desoxycorticosterone acetate,0,DRUGDB
5498,mecloxamine,0,DRUGDB
6390,cefapirin,0,DRUGDB
5160,terbinafine,0,DRUGDB
6831,brovanexine,0,DRUGDB
6233,epristeride,0,DRUGDB
6713,perflubron,0,DRUGDB
7616,daunorubicinol,0,DRUGDB
5192,proparacaine,0,DRUGDB
3887,mercuric chloride,0,DRUGDB
7453,ferric (59Fe) citrate,0,DRUGDB
7135,enfuvirtide,0,DRUGDB
6945,thymopentin,0,DRUGDB
5747,propafenone,0,DRUGDB
6680,riodoxol,0,DRUGDB
6889,candesartan cilexetil,0,DRUGDB
4314,camphotamide,0,DRUGDB
5517,epalrestat,0,DRUGDB
6465,trimazosin,0,DRUGDB
6882,fulvestrant,0,DRUGDB
6108,pantoprazole,0,DRUGDB
6598,oxetacaine,0,DRUGDB
4488,etofylline,0,DRUGDB
7703,oxymorphone,0,DRUGDB
7098,peplomycin,0,DRUGDB
4524,nabumetone,0,DRUGDB
4364,telmesteine,0,DRUGDB
6904,tirilazad,0,DRUGDB
4415,droxidopa,0,DRUGDB
4549,nalidixic acid,0,DRUGDB
7137,vitamin A palmitate,0,DRUGDB
6338,diltiazem,0,DRUGDB
7694,crilanomer,0,DRUGDB
4212,medronic acid,0,DRUGDB
3878,dolutegravir,0,DRUGDB
5315,cocaine,0,DRUGDB
5676,isoxicam,0,DRUGDB
3889,technetium Tc 99m tilmanocept,0,DRUGDB
7132,artenimol,0,DRUGDB
7015,virginiamycin,0,DRUGDB
4529,furfenorex,0,DRUGDB
7249,elvitegravir,0,DRUGDB
7569,morniflumate,0,DRUGDB
3974,aminopicoline,0,DRUGDB
4722,uracil mustard,0,DRUGDB
3849,naloxegol,0,DRUGDB
4473,acetazolamide,0,DRUGDB
6119,felodipine,0,DRUGDB
4282,cyclobutyrol,0,DRUGDB
5516,oxetorone,0,DRUGDB
6421,dixyrazine,0,DRUGDB
7621,sulfatolamide,0,DRUGDB
4915,tolbutamide,0,DRUGDB
6488,tirofiban,0,DRUGDB
5531,lorazepam,0,DRUGDB
3933,vilazodone,0,DRUGDB
5971,piminodine,0,DRUGDB
7720,CYP2C9 Substrates,1,LEXICOMP
4727,cioteronel,0,DRUGDB
4081,glutamic acid,0,DRUGDB
6409,darifenacin,0,DRUGDB
6026,meprednisone,0,DRUGDB
5832,epoprostenol,0,DRUGDB
5215,diisopromine,0,DRUGDB
6864,irinotecan,0,DRUGDB
4594,viloxazine,0,DRUGDB
5782,sorbitan laurate,0,DRUGDB
4781,metrifonate,0,DRUGDB
6939,etoposide phosphate,0,DRUGDB
5803,cinmetacin,0,DRUGDB
5060,sulfachlorpyridazine,0,DRUGDB
6575,perflunafene,0,DRUGDB
7401,gadobenate dimeglumine,0,DRUGDB
6869,hexobendine,0,DRUGDB
6743,acetoxolone,0,DRUGDB
4268,chlorphentermine,0,DRUGDB
5665,tropatepine,0,DRUGDB
4388,fepradinol,0,DRUGDB
3980,thiamazole,0,DRUGDB
3881,sodium selenate,0,DRUGDB
6250,cinitapride,0,DRUGDB
7036,saralasin,0,DRUGDB
5571,acetohexamide,0,DRUGDB
6587,sulprostone,0,DRUGDB
5935,revaprazan,0,DRUGDB
5151,eseridine,0,DRUGDB
7746,Serotonin/Norepinephrine Reuptake Inhibitors,1,LEXICOMP
5085,thonzylamine,0,DRUGDB
6266,flunarizine,0,DRUGDB
3883,hachimycin,0,DRUGDB
5272,alitretinoin,0,DRUGDB
5821,epicillin,0,DRUGDB
4852,sulfamerazine,0,DRUGDB
6628,sildenafil,0,DRUGDB
5292,eritrityl tetranitrate,0,DRUGDB
7094,abarelix,0,DRUGDB
6252,lorajmine,0,DRUGDB
6521,algestone acetophenide,0,DRUGDB
7589,polihexanide,0,DRUGDB
6065,domitroban,0,DRUGDB
7687,cyanocobalamin (57Co),0,DRUGDB
4044,cacodylic acid,0,DRUGDB
3990,noxytiolin,0,DRUGDB
6748,cefpirome,0,DRUGDB
6770,apalcillin,0,DRUGDB
6103,pyrvinium,0,DRUGDB
5623,flumethiazide,0,DRUGDB
6838,iophenoic acid,0,DRUGDB
4937,zoledronic acid,0,DRUGDB
5204,indobufen,0,DRUGDB
6276,lisinopril,0,DRUGDB
4122,allomethadione,0,DRUGDB
4466,metaxalone,0,DRUGDB
5965,ridogrel,0,DRUGDB
6106,mefruside,0,DRUGDB
5236,nelarabine,0,DRUGDB
6087,ecabet,0,DRUGDB
5657,oxitropium,0,DRUGDB
4664,menadoxime,0,DRUGDB
4102,hydroxyamfetamine,0,DRUGDB
7367,diiodohydroxypropane,0,DRUGDB
3948,ethyl chloride,0,DRUGDB
4951,carprofen,0,DRUGDB
5790,embramine,0,DRUGDB
6098,mebutizide,0,DRUGDB
6953,posaconazole,0,DRUGDB
3993,nicotinamide,0,DRUGDB
7354,cymarin,0,DRUGDB
6498,mazipredone,0,DRUGDB
4669,dezocine,0,DRUGDB
7014,acetyldigoxin,0,DRUGDB
4948,stepronin,0,DRUGDB
7025,proglumetacin,0,DRUGDB
7571,naproxcinod,0,DRUGDB
6255,phthalylsulfathiazole,0,DRUGDB
6674,ulobetasol propionate,0,DRUGDB
4425,etanidazole,0,DRUGDB
3999,fluroxene,0,DRUGDB
5032,bendazac,0,DRUGDB
4783,salsalate,0,DRUGDB
7223,cineole,0,DRUGDB
6733,adenosine triphosphate,0,DRUGDB
5960,periciazine,0,DRUGDB
6536,cefixime,0,DRUGDB
4128,pempidine,0,DRUGDB
5333,clobuzarit,0,DRUGDB
6812,niceritrol,0,DRUGDB
4833,reposal,0,DRUGDB
5022,benzodepa,0,DRUGDB
5343,capsaicin,0,DRUGDB
5643,hydroflumethiazide,0,DRUGDB
5833,dinoprostone,0,DRUGDB
4710,sulfadiazine,0,DRUGDB
4611,levomoprolol,0,DRUGDB
5099,cyproheptadine,0,DRUGDB
7732,Strong CYP2A6 Inhibitors,1,LEXICOMP
5854,hexamidine,0,DRUGDB
5784,arsthinol,0,DRUGDB
4443,glutethimide,0,DRUGDB
4384,bendazol,0,DRUGDB
4881,vidarabine,0,DRUGDB
6067,ronifibrate,0,DRUGDB
7412,taurine,0,DRUGDB
7194,tesamorelin,0,DRUGDB
5408,mestranol,0,DRUGDB
4552,mofebutazone,0,DRUGDB
4923,chloroprocaine,0,DRUGDB
5598,bromochlorosalicylanilide,0,DRUGDB
7522,ubidecarenone,0,DRUGDB
4847,clopirac,0,DRUGDB
7601,semustine,0,DRUGDB
5905,enrofloxacin,0,DRUGDB
5388,glymidine,0,DRUGDB
6514,thioproperazine,0,DRUGDB
6059,hexcarbacholine,0,DRUGDB
4021,aspartic acid,0,DRUGDB
7459,ferrous chloride,0,DRUGDB
4147,hydralazine,0,DRUGDB
7551,octyltriethoxysilane,0,DRUGDB
6147,nemonapride,0,DRUGDB
4558,sulbactam,0,DRUGDB
4910,pramiracetam,0,DRUGDB
4584,carbamazepine,0,DRUGDB
4260,mannitol,0,DRUGDB
4658,amidefrine,0,DRUGDB
5513,dexbrompheniramine,0,DRUGDB
6690,glimepiride,0,DRUGDB
6986,polyestradiol phosphate,0,DRUGDB
5596,promegestone,0,DRUGDB
6982,iopamidol,0,DRUGDB
5383,oxybuprocaine,0,DRUGDB
4673,nifurpirinol,0,DRUGDB
6567,morphine glucuronide,0,DRUGDB
6288,hexachlorophene,0,DRUGDB
4419,phenazopyridine,0,DRUGDB
4536,ibudilast,0,DRUGDB
6929,monoxerutin,0,DRUGDB
4774,chlormidazole,0,DRUGDB
5290,trihexyphenidyl,0,DRUGDB
4499,drometrizole,0,DRUGDB
6565,loxiglumide,0,DRUGDB
4652,ribavirin,0,DRUGDB
6737,clomocycline,0,DRUGDB
4693,dapsone,0,DRUGDB
5878,quinestradol,0,DRUGDB
5286,isoxsuprine,0,DRUGDB
4679,nefiracetam,0,DRUGDB
6124,estradiol dipropionate,0,DRUGDB
7232,stannous fluoride,0,DRUGDB
7174,silodosin,0,DRUGDB
5009,sulfalene,0,DRUGDB
5735,medrogestone,0,DRUGDB
6644,ebrotidine,0,DRUGDB
6502,doxycycline,0,DRUGDB
6471,docusate sodium,0,DRUGDB
4404,isoprenaline,0,DRUGDB
4428,amifostine,0,DRUGDB
5834,betoxycaine,0,DRUGDB
7187,sodium phosphate,0,DRUGDB
4889,azacyclonol,0,DRUGDB
4825,hexylcaine,0,DRUGDB
