syn_id,id,name,preferred_name,parent_id,lname
3148,3527.0,ricinoleic acid,1.0,,ricinoleic acid
4409,2639.0,thiothixene,1.0,,thiothixene
14371,442.0,butamyrate,,,butamyrate
12867,1793.0,melex,,,melex
6698,2076.0,pyrilene,,,pyrilene
8613,2223.0,mithracin,,,mithracin
8822,3591.0,tetryzolin,,,tetryzolin
17896,2121.0,phencyclidine HCl,,,phencyclidine hcl
24898,1048.0,erythromycin thiocyanate,,,erythromycin thiocyanate
11994,822.0,deoxycortone trimethylacetate,,,deoxycortone trimethylacetate
5270,660.0,propulsid,,,propulsid
24460,5534.0,BRL-38705,,,brl-38705
20166,1983.0,oleandomycin phosphate,,,oleandomycin phosphate
17833,2233.0,pramipexole HCl,,,pramipexole hcl
9746,3234.0,vaspit,,,vaspit
14400,1877.0,antorphine,,,antorphine
7192,1683.0,menaquinone,,,menaquinone
5133,58.0,N-acetylhydroxylamine,,,n-acetylhydroxylamine
7621,2967.0,glypressin,,,glypressin
11737,543.0,biocefazon,,,biocefazon
22160,4410.0,plerixafor HCl,,,plerixafor hcl
19226,,cyproterone,,157.0,cyproterone
4229,1462.0,iomazenil,,,iomazenil
15662,664.0,cytidine choline diphosphate,,,cytidine choline diphosphate
2565,3664.0,actinoquinol,1.0,,actinoquinol
10810,2303.0,DL-Propranolol,,,dl-propranolol
254,4977.0,CNTO-328,,,cnto-328
22178,5221.0,MSB0010682,,,msb0010682
3249,3181.0,epitiostanol,1.0,,epitiostanol
5117,3495.0,"1,3-propiolactone",,,"1,3-propiolactone"
4078,1363.0,hetacillin,1.0,,hetacillin
5790,3347.0,L-methionine,,,l-methionine
20737,1215.0,flupirtin maleate,,,flupirtin maleate
4241,2625.0,thiamphenicol glycinate,1.0,,thiamphenicol glycinate
18980,4392.0,cis-Platinum,,,cis-platinum
5938,3943.0,turisteron,,,turisteron
12839,3558.0,sulfabenzamid,,,sulfabenzamid
7224,678.0,clincin,,,clincin
1331,4804.0,kepivance,,,kepivance
24454,5532.0,NSC-758616,,,nsc-758616
19631,4463.0,domiphen bromide,,,domiphen bromide
20243,641.0,cilazapril anhydrous,,,cilazapril anhydrous
4406,1727.0,methacycline,,,methacycline
5061,4021.0,photofrin,,,photofrin
6670,947.0,dophamine,,,dophamine
14220,3050.0,butelline,,,butelline
4293,3473.0,pipebuzone,1.0,,pipebuzone
17233,1643.0,mebhydrolin napadisylate,,,mebhydrolin napadisylate
12744,2265.0,prilocaine hydrochloride,,,prilocaine hydrochloride
7804,1444.0,cyclohexanehexol,,,cyclohexanehexol
5320,1564.0,levophta,,,levophta
15469,2528.0,sulphinpyrazone,,,sulphinpyrazone
4936,3551.0,solasulfone,1.0,,solasulfone
7056,3163.0,scabicidol,,,scabicidol
21662,5145.0,BAY 56-6854,,,bay 56-6854
7727,2446.0,rapammune,,,rapammune
7183,1844.0,vironil,,,vironil
24914,5580.0,monensin sodium,,,monensin sodium
16668,3591.0,tetrahydrozeline nitrate,,,tetrahydrozeline nitrate
5619,2819.0,(+/-)-4-Amino-5-hexenoic acid,,,(+/-)-4-amino-5-hexenoic acid
19543,48.0,G 23350,,,g 23350
4243,1973.0,noscapine,1.0,,noscapine
20401,3839.0,ANA-756,,,ana-756
15847,4754.0,trisodium zinc diethylenetriaminepentaacetate,,,trisodium zinc diethylenetriaminepentaacetate
13844,809.0,norflutoprazepam,,,norflutoprazepam
2694,1677.0,methylperone,,,methylperone
21207,,megestrol,1.0,197.0,megestrol
20204,3520.0,Org-9487,,,org-9487
886,2876.0,zoxazolamine,1.0,,zoxazolamine
24623,5598.0,balsam peru oil,1.0,,balsam peru oil
4191,1135.0,febarbamate,1.0,,febarbamate
15595,4103.0,chondroitin sulphate,,,chondroitin sulphate
12107,4448.0,calcium hydrogen phosphate dihydrate,1.0,,calcium hydrogen phosphate dihydrate
5526,4182.0,xarelto,,,xarelto
12087,1649.0,meclizine hydrochloride,,,meclizine hydrochloride
7897,1763.0,methylthioninium chloride,1.0,,methylthioninium chloride
18196,4003.0,nitroxazepine HCl,,,nitroxazepine hcl
23731,5451.0,dostarlimab,1.0,,dostarlimab
1074,4208.0,meglumine amidotrizoate,,,meglumine amidotrizoate
12305,2150.0,phenyltoloxamine citrate,,,phenyltoloxamine citrate
9943,328.0,diphenylglyoxal peroxide,,,diphenylglyoxal peroxide
16664,945.0,domperidone maleate,,,domperidone maleate
371,1867.0,nafamostat mesylate,,,nafamostat mesylate
8470,1191.0,fluorocortisol acetate,,,fluorocortisol acetate
3260,3617.0,tolnaftate,1.0,,tolnaftate
9426,2279.0,glanducorpin,,,glanducorpin
4278,766.0,cyproterone acetate,1.0,,cyproterone acetate
16188,1669.0,meglumine antimoniate,,,meglumine antimoniate
18450,1256.0,furaltadone HCl,,,furaltadone hcl
5420,4161.0,temsirolimus,1.0,,temsirolimus
7373,3092.0,acetone chloroform,,,acetone chloroform
12875,1981.0,prifloxcin,,,prifloxcin
21628,1243.0,fosfomycin trometamol,,,fosfomycin trometamol
20162,2581.0,RU-66647,,,ru-66647
7131,3587.0,perchloroethylene,,,perchloroethylene
14156,1324.0,glycyclamid,,,glycyclamid
16042,4554.0,veramyst,,,veramyst
24349,5512.0,TNT009,,,tnt009
25090,5684.0,COV2-2130,,,cov2-2130
8789,3411.0,arsphenoxide,,,arsphenoxide
21204,5125.0,hydracarbizine,,,hydracarbizine
12822,4500.0,isoamyl methoxycinnamate,,,isoamyl methoxycinnamate
16940,2586.0,temocapril hydrochloride,,,temocapril hydrochloride
4200,522.0,carvedilol,1.0,,carvedilol
6696,2305.0,propylhexadrine,,,propylhexadrine
18467,127.0,almitrine dimesylate,,,almitrine dimesylate
14134,4659.0,metamizole sodium,,,metamizole sodium
25205,436.0,suprecur,,,suprecur
14513,188.0,loceryl,,,loceryl
7873,1009.0,(+/-)-Enflurane,,,(+/-)-enflurane
24023,5489.0,ONO-5704/SI-613,,,ono-5704/si-613
14502,3243.0,panacain,,,panacain
9665,171.0,amidofen,,,amidofen
16488,4860.0,prussian blue,1.0,,prussian blue
8561,1431.0,cimadronic acid,,,cimadronic acid
20687,1175.0,urispas,,,urispas
2526,430.0,bunitrolol,1.0,,bunitrolol
10822,3065.0,amebarsone,,,amebarsone
11582,347.0,betaine hydrochloride,,,betaine hydrochloride
18704,2683.0,DS103-282,,,ds103-282
7069,626.0,chloroxazone,,,chloroxazone
22663,5300.0,MDV-3800,,,mdv-3800
18252,2271.0,procaine HCl,,,procaine hcl
9724,793.0,dezacor,,,dezacor
14122,4657.0,mersalyl,1.0,,mersalyl
22919,5337.0,ABBV-066,,,abbv-066
21567,266.0,AHR-3018,,,ahr-3018
2475,3159.0,dioxybenzone,1.0,,dioxybenzone
13,2826.0,desacetylvinblastine amide,,,desacetylvinblastine amide
9677,171.0,pyramidone,,,pyramidone
228,2541.0,sultopride hydrochloride,,,sultopride hydrochloride
11896,4404.0,adenosylcobalamin,,,adenosylcobalamin
6287,2635.0,thioperazine,,,thioperazine
672,4607.0,neuquinon,,,neuquinon
14333,2038.0,oxyphenisatine,1.0,36.0,oxyphenisatine
14963,3439.0,sulfonphthal,,,sulfonphthal
16854,276.0,azithromycin hydrate,,,azithromycin hydrate
3577,2278.0,progabide,1.0,,progabide
10697,2533.0,sodium sulfoxone,,,sodium sulfoxone
10703,1171.0,finastid,,,finastid
3864,716.0,clostebol acetate,1.0,,clostebol acetate
816,1602.0,loprazolam mesylate,,,loprazolam mesylate
6879,1932.0,tasigna,,,tasigna
9464,1055.0,(-)-Omeprazole,,,(-)-omeprazole
11887,3389.0,pseudonorephedrine,,,pseudonorephedrine
8623,2042.0,orasthin,,,orasthin
18848,1588.0,methylergol carbamide maleate,,,methylergol carbamide maleate
17730,4967.0,CNTO 148,,,cnto 148
21740,920.0,hispril,,,hispril
20649,5083.0,taltz,,,taltz
15999,1619.0,tetracyclinemethylenelysine,,,tetracyclinemethylenelysine
12887,1440.0,indometacine,,,indometacine
12484,3826.0,traxaprone,,,traxaprone
15980,4675.0,nicofetamida,,,nicofetamida
20487,134.0,ananxyl,,,ananxyl
3238,1153.0,fenoldopam,1.0,,fenoldopam
7708,813.0,Cedilanid D,,,cedilanid d
4981,1118.0,everolimus,1.0,,everolimus
4154,2006.0,oxacillin,1.0,,oxacillin
9835,1369.0,methexenyl,,,methexenyl
4443,460.0,cabergoline,1.0,,cabergoline
17143,760.0,cyclosporin A,,,cyclosporin a
17621,623.0,chlorprothixene hydrochloride,,,chlorprothixene hydrochloride
6640,330.0,"3,3',4',5,7-Pentabenzyloxyflavone",,,"3,3',4',5,7-pentabenzyloxyflavone"
17279,4937.0,CH5424802,,,ch5424802
23004,5345.0,NMS-E628,,,nms-e628
2995,4.0,levobupivacaine,1.0,,levobupivacaine
7,2702.0,humoryl,,,humoryl
14797,4714.0,bivalos,,,bivalos
9812,1746.0,metisazon,,,metisazon
13128,4535.0,fazadon,,,fazadon
3206,1195.0,flumazenil,1.0,,flumazenil
10355,2728.0,pterophene,,,pterophene
15066,1383.0,hycanthon,,,hycanthon
15886,4773.0,mycocten,,,mycocten
809,999.0,emedastine fumarate,,,emedastine fumarate
16936,168.0,methyl aminolevulinate hydrochloride,,,methyl aminolevulinate hydrochloride
13504,3090.0,chlorobenzoxamin,,,chlorobenzoxamin
23510,5426.0,delgocitinib,1.0,,delgocitinib
8172,2275.0,propazol,,,propazol
10179,3382.0,furpirinol,,,furpirinol
24413,,boldenone,1.0,235.0,boldenone
139,360.0,calvan,,,calvan
22051,5207.0,nusinersen sodium,,,nusinersen sodium
11695,4371.0,Xe 133,,,xe 133
13554,2384.0,trimexolone,,,trimexolone
11246,3168.0,metebanyl,,,metebanyl
13015,4521.0,manganese chloride,1.0,,manganese chloride
8188,177.0,daptazile,,,daptazile
17628,788.0,debrisoquin sulfate,,,debrisoquin sulfate
17976,166.0,5-aminolevulinic acid HCl,,,5-aminolevulinic acid hcl
13267,1321.0,glymidine,1.0,,glymidine
9842,489.0,carbamazepen,,,carbamazepen
43,1347.0,deoxyspergualin,,,deoxyspergualin
18265,298.0,benactyzine HCl,,,benactyzine hcl
22576,5282.0,crysvita,,,crysvita
8001,162.0,acetyl enheptin,,,acetyl enheptin
23417,5408.0,viltolarsen,1.0,,viltolarsen
9924,3840.0,butysedal,,,butysedal
1941,3577.0,synephrine,,,synephrine
869,1963.0,aygestin,,,aygestin
14061,3270.0,gluronazide,,,gluronazide
3308,1623.0,mabuterol,1.0,,mabuterol
2882,2440.0,sibutramine,1.0,,sibutramine
3007,3296.0,improsulfan,1.0,,improsulfan
21554,5155.0,6ECDCA,,,6ecdca
14055,417.0,bucloxonic acid,,,bucloxonic acid
21145,5113.0,amphecloral,,,amphecloral
10979,634.0,cicletanide,,,cicletanide
10549,1052.0,propionylerythromycin,,,propionylerythromycin
19111,2758.0,trimipramine mesylate,,,trimipramine mesylate
18154,1874.0,nalbuphine HCl,,,nalbuphine hcl
8521,1567.0,ledopa,,,ledopa
17012,4882.0,KW6002,,,kw6002
3166,3204.0,norgesterone,1.0,,norgesterone
2854,180.0,amitriptyline,1.0,,amitriptyline
3346,780.0,dantrolene,1.0,,dantrolene
6002,851.0,urogranoic acid,,,urogranoic acid
11649,458.0,butylscopolamine,,,butylscopolamine
13454,1239.0,formoterol fumarate dihydrate,,,formoterol fumarate dihydrate
8626,2042.0,perlacton,,,perlacton
19617,4366.0,ISA247,,,isa247
22131,,ulifloxacin,1.0,219.0,ulifloxacin
8279,1549.0,arginine,1.0,,arginine
17125,1790.0,metronidazole phosphate,,,metronidazole phosphate
10244,2332.0,pyrimethamin,,,pyrimethamin
728,2374.0,RIBOFLAVIN 5'-PHOSPHATE SODIUM,,,riboflavin 5'-phosphate sodium
1069,1994.0,orazamid,,,orazamid
14985,2490.0,sulfasuccithiazole,,,sulfasuccithiazole
7368,2133.0,"3-Methyl-2-phenyltetrahydro-2H-1,4-oxazine",,,"3-methyl-2-phenyltetrahydro-2h-1,4-oxazine"
24802,5659.0,R-25831,,,r-25831
16007,4301.0,flutemetamol F18,,,flutemetamol f18
17932,4808.0,ipidacrine HCl,,,ipidacrine hcl
17590,142.0,alverine citrate salt,,,alverine citrate salt
8651,661.0,cisatracurium besilate,,,cisatracurium besilate
20740,311.0,benoxaprofen ammonium,,,benoxaprofen ammonium
16660,856.0,dibenzepin hydrochloride,,,dibenzepin hydrochloride
9598,2759.0,trimethylpsoralen,,,trimethylpsoralen
14113,478.0,aldadiene,,,aldadiene
2814,2663.0,tilidine,1.0,,tilidine
23636,5433.0,ansuvimab,1.0,,ansuvimab
22058,5209.0,icotinib hydrochloride,,,icotinib hydrochloride
10473,1277.0,gancyclovir,,,gancyclovir
25104,5688.0,carogra,,,carogra
8131,861.0,oxydimethylquinazine,,,oxydimethylquinazine
822,3340.0,meobentine sulfate,,,meobentine sulfate
23652,5436.0,atoltivimab,,,atoltivimab
8503,3189.0,novedrine,,,novedrine
17889,1678.0,melphalan HCl,,,melphalan hcl
5324,1764.0,methergen,,,methergen
12768,1437.0,indinavir sulfate,,,indinavir sulfate
17990,960.0,doxorubicin HCl,,,doxorubicin hcl
6927,612.0,chlorozotocine,,,chlorozotocine
6638,330.0,parietrope,,,parietrope
9108,2497.0,formosulfacetamide,,,formosulfacetamide
18730,91.0,adenosine triphosphate disodium hydrate,,,adenosine triphosphate disodium hydrate
5612,2640.0,2-mercapto-4-hydroxypyrimidine,,,2-mercapto-4-hydroxypyrimidine
13841,809.0,descarbethoxyloflazepate,,,descarbethoxyloflazepate
12915,4508.0,racepinefrine,1.0,,racepinefrine
12927,4512.0,lithonate,,,lithonate
1844,3461.0,phenylpropylmethylamine,,,phenylpropylmethylamine
4898,3875.0,benzamycin,1.0,,benzamycin
1663,1081.0,valmidate,,,valmidate
13025,4523.0,qualaquin,,,qualaquin
1537,4749.0,FC-1271a,,,fc-1271a
12118,4450.0,diphenacin,,,diphenacin
11739,543.0,cefobid,,,cefobid
17860,1434.0,indecainide HCl,,,indecainide hcl
16315,4826.0,r-metHuLeptin,,,r-methuleptin
20193,1412.0,U82209E,,,u82209e
21639,1082.0,ethinylestradiol betadex,,,ethinylestradiol betadex
22426,5265.0,lonoctocog alfa,1.0,,lonoctocog alfa
12465,3636.0,tryparsamid,,,tryparsamid
9399,1879.0,nortestosterone,,,nortestosterone
14038,470.0,"camphor, (synthetic)",,,"camphor, (synthetic)"
6893,785.0,sprycel,,,sprycel
21157,2780.0,L-Tryptophan,,,l-tryptophan
15673,664.0,cyscholin,,,cyscholin
14149,3566.0,sulpharside,,,sulpharside
4307,1037.0,eprosartan,1.0,,eprosartan
15246,3833.0,sulfalepsin,,,sulfalepsin
17502,188.0,amorolfine hydrochloride,,,amorolfine hydrochloride
1503,4764.0,aluminium nicotinate,1.0,,aluminium nicotinate
18792,2680.0,aggrastat,,,aggrastat
4862,3465.0,phytic acid,,,phytic acid
20035,2386.0,CI-683,,,ci-683
9316,2130.0,athrombon,,,athrombon
22211,5227.0,valbenazine tosylate,,,valbenazine tosylate
22348,5249.0,PB-101,,,pb-101
3365,1818.0,mitiglinide,1.0,,mitiglinide
19194,,colforsin,,73.0,colforsin
787,1724.0,metesculetol sodium,,,metesculetol sodium
12258,195.0,amphetamine aspartate,,,amphetamine aspartate
1881,2305.0,propylhexedrine,1.0,,propylhexedrine
14341,4683.0,phosphachole,,,phosphachole
1818,2804.0,valpromide,1.0,,valpromide
7683,411.0,11-Brovincamine,,,11-brovincamine
5364,1832.0,asmanex,,,asmanex
24450,5531.0,BAY-44-4400,,,bay-44-4400
308,1019.0,BMS-200475-01,,,bms-200475-01
2006,74.0,aspirin,,,aspirin
14010,1379.0,homatropine hydrobromide,,,homatropine hydrobromide
699,3550.0,TETRADECYL HYDROGEN SULFATE (ESTER),,,tetradecyl hydrogen sulfate (ester)
22365,5249.0,DW-224a,,,dw-224a
127,2188.0,piperazine phosphate,,,piperazine phosphate
4777,157.0,amikacin,1.0,,amikacin
20403,484.0,SQ-14225,,,sq-14225
7981,2766.0,trilofosfamida,,,trilofosfamida
5763,1361.0,2-Amino-6-hydroxy-6-methylheptane,,,2-amino-6-hydroxy-6-methylheptane
20140,5073.0,pentapiperium metilsulphate,,,pentapiperium metilsulphate
24811,5663.0,ceftiofur,1.0,,ceftiofur
17600,73.0,acetopromazine maleate,,,acetopromazine maleate
13126,1095.0,ethinodiol,,,ethinodiol
5397,4160.0,mucosol,,,mucosol
16965,,temocaprilat,,113.0,temocaprilat
18517,4999.0,rhGALNS,,,rhgalns
13565,3219.0,aptosyn,,,aptosyn
18826,130.0,1-hydroxycholecalciferol,,,1-hydroxycholecalciferol
2742,228.0,apomorphine,1.0,,apomorphine
6370,1766.0,p-carbomethoxyphenol,,,p-carbomethoxyphenol
23632,5432.0,TAK-385,,,tak-385
18568,4298.0,BMS-562247-01,,,bms-562247-01
560,4889.0,asunaprevir,1.0,,asunaprevir
16016,4810.0,PCI-32765,,,pci-32765
3131,182.0,amlexanox,1.0,,amlexanox
7162,875.0,stilbestrol,,,stilbestrol
11234,1816.0,mepirzepine,,,mepirzepine
226,276.0,CP 62993,,,cp 62993
20526,771.0,starasid,,,starasid
9629,2735.0,trichloroethyl phosphate,,,trichloroethyl phosphate
22059,5210.0,olmutinib,1.0,,olmutinib
8893,3088.0,Chloramine-T,,,chloramine-t
21629,5170.0,silapo,,,silapo
3511,1613.0,loxapine,1.0,,loxapine
4248,4052.0,sulbenicillin,1.0,,sulbenicillin
15082,3421.0,salmotin,,,salmotin
10297,1285.0,decrelip,,,decrelip
17475,4959.0,anti-CD11a,,,anti-cd11a
1985,359.0,bethanidine,,,bethanidine
14678,2860.0,zearalanol,,,zearalanol
6860,139.0,synchrodyn,,,synchrodyn
21834,3784.0,turloc,,,turloc
14207,1633.0,mannomustin,,,mannomustin
1779,2259.0,prenderol,1.0,,prenderol
2690,3360.0,miloxacin,1.0,,miloxacin
5010,2580.0,teicoplanin aglycon,,,teicoplanin aglycon
7929,2987.0,biomoduline,,,biomoduline
8809,2577.0,ufur,,,ufur
969,741.0,sodium cromolyn,,,sodium cromolyn
15349,3458.0,calbogen,,,calbogen
12186,1767.0,methylphenidate hydrochloride,,,methylphenidate hydrochloride
22120,2210.0,brexicam,,,brexicam
23156,5379.0,avapritinib,1.0,,avapritinib
14519,1717.0,methexamide,,,methexamide
15274,3722.0,casmalon,,,casmalon
11462,2311.0,anthrex,,,anthrex
6237,2274.0,prochlorpromazine,,,prochlorpromazine
16516,3202.0,chetossale,,,chetossale
6497,2713.0,zataranax,,,zataranax
10520,3739.0,diamazol,,,diamazol
17783,2825.0,oncovin,,,oncovin
12811,4497.0,estradiol acetate,1.0,,estradiol acetate
1492,4759.0,aloglutamol,1.0,,aloglutamol
21671,993.0,KT1–32,,,kt1–32
12766,4489.0,magnesium diacetate,,,magnesium diacetate
18165,1844.0,moroxidine HCl,,,moroxidine hcl
468,4899.0,GS-5885,,,gs-5885
8336,4271.0,"sodium phosphate, monobasic",1.0,,"sodium phosphate, monobasic"
5352,1064.0,estraval,,,estraval
3282,159.0,aminaftone,,,aminaftone
1806,3428.0,pentylenetetrazole,,,pentylenetetrazole
5064,488.0,isopto carbachol,,,isopto carbachol
6087,1331.0,"griseofulvin, ultramicrocrystalline",,,"griseofulvin, ultramicrocrystalline"
13774,1812.0,mineprine,,,mineprine
24538,5563.0,nebramycin II,,,nebramycin ii
23440,5412.0,X581238,,,x581238
7510,2985.0,carrisyn,,,carrisyn
18652,2406.0,rosuvastatin zinc,,,rosuvastatin zinc
2025,935.0,d-mannitol,,,d-mannitol
14483,4695.0,potassium lactate,1.0,,potassium lactate
15373,709.0,cloprednole,,,cloprednole
6869,2454.0,sobrepin,,,sobrepin
1649,2051.0,pasdrazide,,,pasdrazide
23645,5434.0,margenza,,,margenza
12539,658.0,lipanor,,,lipanor
25455,5738.0,zurzuvae,,,zurzuvae
5875,771.0,fosteabine,,,fosteabine
13264,1751.0,metatrexan,,,metatrexan
18924,1737.0,methaphenilene HCl,,,methaphenilene hcl
21094,1234.0,noleptan,,,noleptan
15707,510.0,Carminomycin I,,,carminomycin i
20443,5078.0,lobeglitazone,1.0,,lobeglitazone
1657,3577.0,synthenate,,,synthenate
6914,245.0,dihydroartemisinin methyl ether,,,dihydroartemisinin methyl ether
6040,4212.0,sulfuric acid disodium salt,,,sulfuric acid disodium salt
12238,119.0,aliskiren hemifumarate,,,aliskiren hemifumarate
7874,1009.0,efrane,,,efrane
23418,5408.0,viltepso,,,viltepso
12123,2646.0,tetraiodothyronine,,,tetraiodothyronine
19737,660.0,R 51619,,,r 51619
14155,1324.0,gliciclamide,,,gliciclamide
5500,1745.0,thyrozol,,,thyrozol
17532,659.0,ciprofloxacin hydrochloride monohydrate,,,ciprofloxacin hydrochloride monohydrate
1367,579.0,caerulein diethylamine salt,,,caerulein diethylamine salt
7379,2114.0,cetylureum,,,cetylureum
17700,2263.0,pridinol methanesulfonate salt,,,pridinol methanesulfonate salt
13974,4639.0,fluorexon,,,fluorexon
23506,5424.0,MSC-2156119J,,,msc-2156119j
22525,5280.0,fostamatinib disodium,,,fostamatinib disodium
17155,390.0,bornaprine hydrochloride,,,bornaprine hydrochloride
2102,3538.0,salicylamide o-acetic acid,,,salicylamide o-acetic acid
7742,2044.0,(-)-Paclitaxel,,,(-)-paclitaxel
18773,713.0,AD6,,,ad6
13658,629.0,catechuic acid,,,catechuic acid
6263,2740.0,trifluoromethylperazine,,,trifluoromethylperazine
7434,3827.0,nacemide,,,nacemide
23310,5391.0,sacituzumab,,,sacituzumab
7944,1368.0,erythrohexestrol,,,erythrohexestrol
18056,2166.0,pilocarpine HCl,,,pilocarpine hcl
7921,1046.0,invanz,,,invanz
16426,1735.0,methaniazide sodium,,,methaniazide sodium
18407,3880.0,benidipine HCl,,,benidipine hcl
9610,2143.0,tebanyl,,,tebanyl
11467,915.0,diphemanil methosulfate,,,diphemanil methosulfate
8271,4252.0,disodium fluorophosphate,,,disodium fluorophosphate
14753,1940.0,hypadil,,,hypadil
3164,3862.0,alitretinoin,1.0,,alitretinoin
14265,4195.0,"alpha-tocopherol acetate, dl-",,,"alpha-tocopherol acetate, dl-"
9179,30.0,meladoxen,,,meladoxen
10942,1666.0,mefrusid,,,mefrusid
6494,2713.0,cyclocapron,,,cyclocapron
13136,1149.0,theophyllineethylamphetamine,,,theophyllineethylamphetamine
2892,3634.0,tromantadine,1.0,,tromantadine
10476,2238.0,niflan,,,niflan
22461,5270.0,PF-04971729,,,pf-04971729
9068,3379.0,rubriment,,,rubriment
25126,5694.0,adagrasib,1.0,,adagrasib
2434,3125.0,danthron,,,danthron
14514,3193.0,eterobarbital,,,eterobarbital
25353,5716.0,SP-3025,,,sp-3025
12085,4443.0,ferric oxide red,,,ferric oxide red
9928,3054.0,thialbutone,,,thialbutone
23685,4366.0,trans-R 1524,,,trans-r 1524
21920,5191.0,insulin pork,1.0,,insulin pork
4342,1805.0,mifepristone,1.0,,mifepristone
2073,1075.0,ethamsylate,,,ethamsylate
5831,4189.0,makena,,,makena
4336,1481.0,irbesartan,1.0,,irbesartan
21614,5165.0,methoxy polyethylene glycol-epoetin beta,1.0,,methoxy polyethylene glycol-epoetin beta
12837,253.0,tipedine,,,tipedine
13544,674.0,clevelox,,,clevelox
24344,5511.0,MYK-461,,,myk-461
9001,3369.0,nephazoline,,,nephazoline
16049,2377.0,rifaldin,,,rifaldin
13526,460.0,cabaser,,,cabaser
16918,4907.0,lynparza,,,lynparza
9386,2241.0,azinox,,,azinox
19135,1302.0,gliquidone sodium,,,gliquidone sodium
20465,1991.0,omoconazole mononitrate,,,omoconazole mononitrate
24584,5581.0,activated attapulgite,,,activated attapulgite
9987,1747.0,guaiacol glyceryl ether carbamate,,,guaiacol glyceryl ether carbamate
20688,1132.0,fasudil HCl semihydrate,,,fasudil hcl semihydrate
18001,1170.0,fexofenadine HCl,,,fexofenadine hcl
9417,1084.0,anhydroxyprogesterone,,,anhydroxyprogesterone
11483,2440.0,didemethyl sibutramine hydrochloride,,,didemethyl sibutramine hydrochloride
13255,1810.0,miltefos,,,miltefos
1123,2716.0,izba,,,izba
15879,4772.0,dipiperonylaminoethanol,1.0,,dipiperonylaminoethanol
12445,4468.0,esketamine,1.0,,esketamine
12171,276.0,azithromycin anhydrous,,,azithromycin anhydrous
12152,1813.0,minocycline hydrochloride,,,minocycline hydrochloride
13990,4642.0,laurostearic acid,,,laurostearic acid
5761,1004.0,3-Methyl-3-pentanol carbamate,,,3-methyl-3-pentanol carbamate
24034,906.0,zymso,,,zymso
16682,2752.0,trimetaphan camsilate,,,trimetaphan camsilate
19731,4870.0,SCH-530348,,,sch-530348
24880,5663.0,ceftiofur sodium,,,ceftiofur sodium
25053,5677.0,BMS-986165,,,bms-986165
4718,1705.0,meproscillarin,1.0,,meproscillarin
21111,5101.0,naglazyme,,,naglazyme
4222,562.0,ceftibuten,1.0,,ceftibuten
15210,147.0,ambroxils,,,ambroxils
13337,4578.0,iodocholesterol (131I),1.0,,iodocholesterol (131i)
14362,790.0,dacogen,,,dacogen
11770,1280.0,gatifloxin,,,gatifloxin
2332,2000.0,osalmid,1.0,,osalmid
18014,593.0,chlorcyclizine HCl,,,chlorcyclizine hcl
403,1547.0,prevacid,,,prevacid
947,4842.0,calcium glubionate,1.0,,calcium glubionate
6082,2843.0,phytonadione,,,phytonadione
1286,4801.0,dabrafenib mesylate,,,dabrafenib mesylate
11886,3389.0,cathine,1.0,,cathine
19463,5046.0,cotellic,,,cotellic
4937,67.0,acetyldigitoxin,1.0,,acetyldigitoxin
8194,2122.0,antapentan,,,antapentan
632,267.0,azasetron hydrochloride,,,azasetron hydrochloride
447,3533.0,ruboxistaurin mesilate,,,ruboxistaurin mesilate
8974,2166.0,pilokarpin,,,pilokarpin
22087,768.0,mercaptamine hydrochloride,,,mercaptamine hydrochloride
4991,1980.0,octreotide,1.0,,octreotide
686,3750.0,LD 2988,,,ld 2988
19723,837.0,B859-35,,,b859-35
16951,426.0,bumadizone calcium,,,bumadizone calcium
786,72.0,crampol,,,crampol
7245,2965.0,pepleomycin,,,pepleomycin
11746,635.0,ciclonium bromide,,,ciclonium bromide
15665,664.0,cytidine diphosphorylcholine,,,cytidine diphosphorylcholine
750,2374.0,flavin mononucleotide,,,flavin mononucleotide
24371,5517.0,somatrogon,1.0,,somatrogon
622,903.0,dimetindene maleate,,,dimetindene maleate
22451,5270.0,steglatro,,,steglatro
1720,787.0,deanol,1.0,,deanol
9022,2233.0,(S)-Pramipexole,,,(s)-pramipexole
14700,2477.0,androstanazol,,,androstanazol
2455,3794.0,nidroxyzone,1.0,,nidroxyzone
24313,5366.0,enfortumab vedotin (genetical recombination),,,enfortumab vedotin (genetical recombination)
10918,140.0,racemic althiazide,,,racemic althiazide
19419,5040.0,alpha-chymar,,,alpha-chymar
12732,1284.0,carprost,,,carprost
850,4865.0,ICI-31397,,,ici-31397
23967,5481.0,peficitinib,1.0,,peficitinib
419,2030.0,oxyfedrine hydrochloride,,,oxyfedrine hydrochloride
2748,1930.0,nifurtoinol,1.0,,nifurtoinol
14479,4694.0,potassium hydrogentartrate,,,potassium hydrogentartrate
13777,491.0,carbazochrom,,,carbazochrom
4049,2491.0,sufentanil,1.0,,sufentanil
24271,5499.0,efgartigimod alfa-fcab,,,efgartigimod alfa-fcab
11409,3273.0,tetrabiguanide,,,tetrabiguanide
16339,3384.0,nimustine hydrochloride,,,nimustine hydrochloride
8231,3606.0,tiglylpseudotropine,,,tiglylpseudotropine
10551,3482.0,polyestrol phosphate,,,polyestrol phosphate
19021,1680.0,potassium menaphthosulfate,,,potassium menaphthosulfate
6278,1212.0,fluorfenazine,,,fluorfenazine
17174,4929.0,lutropin alfa,1.0,,lutropin alfa
2293,1136.0,febuprol,1.0,,febuprol
11208,4341.0,gelusil,,,gelusil
13573,2526.0,sulfaisodimerazine,,,sulfaisodimerazine
5787,2768.0,nitrilotriethanol,,,nitrilotriethanol
15635,977.0,ebastin,,,ebastin
5112,3196.0,chloroethane,,,chloroethane
25427,5733.0,tofersen,1.0,,tofersen
4823,1451.0,iocetamic acid,1.0,,iocetamic acid
13905,1147.0,flenac,,,flenac
11272,596.0,medodorm,,,medodorm
19257,842.0,dextromethorphan hydrochloride,,,dextromethorphan hydrochloride
14234,3097.0,choline bitartrate,,,choline bitartrate
17238,2854.0,wood sugar,,,wood sugar
4713,4119.0,romidepsin,1.0,,romidepsin
16,2206.0,pirlindol,,,pirlindol
19510,2491.0,sulfentanil,,,sulfentanil
15399,1873.0,naftopil,,,naftopil
8418,2389.0,risperdal,,,risperdal
1667,1721.0,(-)-m-Hydroxynorephedrine,,,(-)-m-hydroxynorephedrine
17947,2300.0,propiverine HCl,,,propiverine hcl
17849,267.0,azasetron HCl,,,azasetron hcl
1383,4778.0,deforolimus,,,deforolimus
7974,2036.0,oxazolidin,,,oxazolidin
8060,2031.0,theranabol,,,theranabol
18129,1803.0,midodrine HCl,,,midodrine hcl
10038,944.0,mucolitico,,,mucolitico
5822,3037.0,bromophenindione,,,bromophenindione
13926,2312.0,podophyllic acid ethylhydrazide,,,podophyllic acid ethylhydrazide
2449,2418.0,salizid,,,salizid
18692,5004.0,ocriplasmin,1.0,,ocriplasmin
18105,2270.0,procainamide HCl,,,procainamide hcl
20435,27.0,triacetyl-6-azauridine,,,triacetyl-6-azauridine
19320,5030.0,alglucosidase alfa (genetical recombination),,,alglucosidase alfa (genetical recombination)
22286,5222.0,MK-4827,,,mk-4827
23464,5416.0,imcivree,,,imcivree
4404,2767.0,troglitazone,1.0,,troglitazone
8727,291.0,beclamid,,,beclamid
15913,4234.0,peginesatide,1.0,,peginesatide
22355,5251.0,CC-90007,,,cc-90007
13062,2489.0,succinocholine,,,succinocholine
8375,465.0,dovonex,,,dovonex
24408,5521.0,WBI-1001,,,wbi-1001
5295,887.0,dihydroergocristin,,,dihydroergocristin
14302,1887.0,vasoxen,,,vasoxen
21593,5158.0,pegasys,,,pegasys
12660,4475.0,iron pentacarbonyl,1.0,,iron pentacarbonyl
3397,2687.0,tocamphyl,1.0,,tocamphyl
7825,2620.0,etheophyl,,,etheophyl
2243,3815.0,phenylmethylbarbituric acid,,,phenylmethylbarbituric acid
14243,4663.0,desyl alcohol,,,desyl alcohol
5439,3524.0,"benzene-1,3-diol",,,"benzene-1,3-diol"
2231,451.0,butoctamide,1.0,,butoctamide
7573,4230.0,Ioflupane I-123,1.0,,ioflupane i-123
20375,5077.0,selexipag,1.0,,selexipag
8933,4028.0,mikamycin,,,mikamycin
17204,4933.0,MRA,,,mra
14034,4653.0,chloramphenicol succinate sodium,,,chloramphenicol succinate sodium
10966,4331.0,renvela,,,renvela
7816,1252.0,levulose,,,levulose
24783,5652.0,vatinoxan,1.0,,vatinoxan
11942,3140.0,dichlorobenzyl alcohol,1.0,,dichlorobenzyl alcohol
10381,976.0,neutrafillina,,,neutrafillina
6008,1963.0,19-Norethisterone acetate,,,19-norethisterone acetate
4581,1349.0,halobetasol propionate,,,halobetasol propionate
15708,510.0,Carminomicin I,,,carminomicin i
5253,76.0,olbetam,,,olbetam
16666,1496.0,isometeptene,,,isometeptene
18855,1814.0,loniten,,,loniten
25142,5698.0,MEDI8897,,,medi8897
15166,2157.0,phthaloylsulfacetamide,,,phthaloylsulfacetamide
3076,2294.0,proparacaine,1.0,,proparacaine
14547,4700.0,pyrethrum,,,pyrethrum
8574,215.0,"4-Androstene-3,17-dione",,,"4-androstene-3,17-dione"
3066,420.0,budipine,1.0,,budipine
1691,3607.0,camyna,,,camyna
11111,3944.0,etopophos,,,etopophos
22397,5258.0,AV-951,,,av-951
13848,2570.0,tazanol,,,tazanol
15855,1071.0,ethacrynate sodium,,,ethacrynate sodium
9970,1429.0,beselna,,,beselna
1868,1710.0,mesalamine,,,mesalamine
23955,4971.0,ranibizumab-nuna,,,ranibizumab-nuna
3198,3406.0,oxendolone,1.0,,oxendolone
4219,3015.0,benexate hydrochloride,,,benexate hydrochloride
6455,1648.0,hexapen,,,hexapen
16018,4810.0,PCI-32765-00,,,pci-32765-00
8749,1950.0,nitrofural,,,nitrofural
11504,2770.0,etamin,,,etamin
20631,1934.0,FR-34235,,,fr-34235
18290,2191.0,pipethanate HCl,,,pipethanate hcl
18858,577.0,cerivastatin sodium salt hydrate,,,cerivastatin sodium salt hydrate
17908,3189.0,etafedrine HCl,,,etafedrine hcl
6482,3775.0,furamicid,1.0,,furamicid
6938,2706.0,epitomax,,,epitomax
4750,410.0,brovanexine,1.0,,brovanexine
20556,290.0,vasexten,,,vasexten
3439,231.0,aprindine,1.0,,aprindine
21984,,laninamivir,1.0,214.0,laninamivir
5123,145.0,ivertol,,,ivertol
13944,1362.0,hesperitin,,,hesperitin
23533,5431.0,tirbanibulin mesylate,,,tirbanibulin mesylate
806,4872.0,ataluren,1.0,,ataluren
8967,3201.0,digenic acid,,,digenic acid
24861,170.0,aminopentamide hydrogen sulfate,,,aminopentamide hydrogen sulfate
8320,4267.0,arbutin,1.0,,arbutin
9114,2505.0,4-Aminobenzenesulfonylguanidine,,,4-aminobenzenesulfonylguanidine
17062,4924.0,MK-3475,,,mk-3475
17874,1578.0,lidamidine HCl,,,lidamidine hcl
22509,3578.0,krintafel,,,krintafel
5192,4126.0,asparagine,1.0,,asparagine
13061,2489.0,succinic acid dicholine diester,,,succinic acid dicholine diester
1158,3931.0,dolasetron methanesulfonate hydrate,,,dolasetron methanesulfonate hydrate
19989,129.0,GR68755,,,gr68755
1954,1563.0,levetiracetam,1.0,,levetiracetam
17182,4931.0,corticotropin,1.0,,corticotropin
16190,3931.0,dolasetron mesilate,,,dolasetron mesilate
20658,2195.0,pipradrol HCl,,,pipradrol hcl
10133,1292.0,tridomose,,,tridomose
5290,854.0,dizoxide,,,dizoxide
5116,3645.0,vinether,,,vinether
1387,4779.0,rapilax,,,rapilax
4844,3604.0,thyropropic acid,1.0,,thyropropic acid
3639,478.0,canrenone,1.0,,canrenone
11785,4375.0,demecolcin,,,demecolcin
5959,2803.0,divalproex sodium,,,divalproex sodium
12806,845.0,anhydrous dextrose,,,anhydrous dextrose
61,100.0,aritmina,,,aritmina
815,4167.0,FTY-720,,,fty-720
11738,543.0,cefoperazine,,,cefoperazine
11634,3040.0,clobromsalan,,,clobromsalan
9292,1722.0,metazolone,,,metazolone
20672,1141.0,dolinac,,,dolinac
17587,866.0,dicloxacillin sodium hydrate,,,dicloxacillin sodium hydrate
18018,751.0,cyclobenzaprine HCl,,,cyclobenzaprine hcl
4419,1784.0,metopimazine,1.0,,metopimazine
13524,460.0,dostinex,,,dostinex
5791,3347.0,S-methionine,,,s-methionine
9872,3416.0,praequine,,,praequine
2834,2299.0,propiram,1.0,,propiram
15245,3833.0,neosulfalepsine,,,neosulfalepsine
8772,2551.0,tetrahydroaminacrine,,,tetrahydroaminacrine
15829,2995.0,lepirudin recombinant,,,lepirudin recombinant
15656,1390.0,cortisol cypionate,,,cortisol cypionate
21612,5164.0,pegintron,,,pegintron
22882,5332.0,onasemnogene abeparvovec-xioi,,,onasemnogene abeparvovec-xioi
9909,1002.0,pentoyl,,,pentoyl
4540,2441.0,sildenafil,1.0,,sildenafil
10376,976.0,diprophyllin,,,diprophyllin
11928,4411.0,S-Chlorpheniramine,,,s-chlorpheniramine
20251,204.0,ST-679,,,st-679
17422,939.0,RP-56976,,,rp-56976
23494,5422.0,boronophenylalanine B-10,,,boronophenylalanine b-10
14672,3121.0,cyclocoumarol,1.0,,cyclocoumarol
3470,3651.0,vorozole,1.0,,vorozole
7258,2769.0,evramycin,,,evramycin
16593,4875.0,daclatasvir,1.0,,daclatasvir
10755,994.0,carbocalcitonin,,,carbocalcitonin
4944,2581.0,telithromycin,1.0,,telithromycin
13887,1137.0,feburic,,,feburic
23196,5387.0,teprotumumab-trbw,,,teprotumumab-trbw
17070,3483.0,SCH-56592,,,sch-56592
22187,5224.0,dupilumab,1.0,,dupilumab
18156,1890.0,nefazodone HCl,,,nefazodone hcl
15077,3744.0,phenethamine,,,phenethamine
1776,3628.0,trichloroethylene,1.0,,trichloroethylene
16103,2552.0,modigraf,,,modigraf
4829,4067.0,triamcinolone benetonide,1.0,,triamcinolone benetonide
6114,2638.0,triethylenethiophosphortriamide,,,triethylenethiophosphortriamide
3794,2704.0,tolrestat,1.0,,tolrestat
25476,1150.0,fintepla,,,fintepla
2480,373.0,biotin,1.0,,biotin
5197,4128.0,L-valine,,,l-valine
7762,1506.0,monosorbitrate,,,monosorbitrate
12284,647.0,cinacalcet hydrochloride,,,cinacalcet hydrochloride
20365,5075.0,RDEA594 Sodium,,,rdea594 sodium
10809,2303.0,betalong,,,betalong
24356,5513.0,ImmTAC IMCgpgp 100,,,immtac imcgpgp 100
18957,4945.0,cholecystokinin 33,,,cholecystokinin 33
1471,4514.0,forsteo,,,forsteo
1747,3391.0,noxythiolin,,,noxythiolin
23966,5450.0,estetrol monohydrate,,,estetrol monohydrate
13240,503.0,carbazilquinone,,,carbazilquinone
1086,4793.0,GW-1000,,,gw-1000
24502,5549.0,gelatin,1.0,,gelatin
8859,1758.0,mesuximidum,,,mesuximidum
18388,1592.0,lofepramine HCl,,,lofepramine hcl
9107,2497.0,acetosulfamine,,,acetosulfamine
10076,900.0,dimemorphan,,,dimemorphan
25144,5699.0,amvuttra,,,amvuttra
1143,2196.0,probilin,,,probilin
1701,3244.0,formaldehyde,1.0,,formaldehyde
3340,2361.0,reboxetine,1.0,,reboxetine
14647,3646.0,chinicine,,,chinicine
5520,4180.0,dificid,,,dificid
1683,2146.0,l-Phenylephrine,,,l-phenylephrine
15616,3178.0,uralenic acid,,,uralenic acid
9155,2496.0,sulfaurea,,,sulfaurea
12075,2326.0,pseudoephedrine sulfate,,,pseudoephedrine sulfate
18120,1992.0,ondansetron HCl,,,ondansetron hcl
1533,3642.0,galvus,,,galvus
24316,5505.0,sotrovimab,1.0,,sotrovimab
22114,1581.0,limaprost alfadex,,,limaprost alfadex
18978,4397.0,sordinol,,,sordinol
11283,870.0,synestrol,,,synestrol
5560,1539.0,virolam,,,virolam
20377,5077.0,ACT-293987,,,act-293987
20628,1869.0,naphthamidopenicillin,,,naphthamidopenicillin
16417,4429.0,calcitonin (swine),,,calcitonin (swine)
16747,2958.0,gonadorelin acetate,,,gonadorelin acetate
17212,4498.0,invega sustenna,,,invega sustenna
19785,1255.0,ZD9238,,,zd9238
13676,1967.0,norfloxacine,,,norfloxacine
12349,129.0,alosetron hydrochloride,,,alosetron hydrochloride
7785,2004.0,ouabaine,,,ouabaine
19629,4463.0,domiphen chloride,,,domiphen chloride
11601,4354.0,allethrine,,,allethrine
7915,3535.0,rutoside,1.0,,rutoside
18326,2745.0,benzhexol HCl,,,benzhexol hcl
8370,4279.0,vinyl alcohol polymer,,,vinyl alcohol polymer
15332,3721.0,cumetharol,,,cumetharol
19847,3190.0,millophylline,,,millophylline
7156,863.0,didroxane,,,didroxane
8515,1374.0,ascaricid,,,ascaricid
949,4842.0,calcium glubionate monohydrate,,,calcium glubionate monohydrate
3843,2201.0,piretanide,1.0,,piretanide
14966,2432.0,seratodrast,,,seratodrast
17202,4932.0,acid beta-glucosidase,,,acid beta-glucosidase
18718,5005.0,SK3530,,,sk3530
18870,1343.0,guanfacine monohydrochloride,,,guanfacine monohydrochloride
19824,22.0,gumbix,,,gumbix
10261,2524.0,sulfidine,,,sulfidine
21871,5185.0,gallium (68Ga) edotreotide,1.0,,gallium (68ga) edotreotide
4519,680.0,clinofibrate,1.0,,clinofibrate
23405,5405.0,J6M0-mcMMAF,,,j6m0-mcmmaf
450,1165.0,fentiazac calcium,,,fentiazac calcium
8259,470.0,camphor (synthetic),,,camphor (synthetic)
14622,899.0,remeflin,,,remeflin
5446,4164.0,liraglutide,1.0,,liraglutide
14615,1522.0,ketophenylbutazone,,,ketophenylbutazone
15621,3178.0,glycyrrhetinic acid,,,glycyrrhetinic acid
11375,2813.0,velafax,,,velafax
17680,4265.0,gentamicine sulfate,,,gentamicine sulfate
5646,1550.0,L-Aspartic acid,,,l-aspartic acid
11315,1272.0,galantamin,,,galantamin
13348,1469.0,methalamic acid,,,methalamic acid
3580,1884.0,naratriptan,1.0,,naratriptan
18487,4995.0,erythropoietin,,,erythropoietin
3423,472.0,camylofin,1.0,,camylofin
14436,1836.0,singulair,,,singulair
23925,5472.0,qulipta,,,qulipta
12096,974.0,dyclonin,,,dyclonin
11856,4399.0,revolade,,,revolade
2377,3364.0,monoctanoin,1.0,,monoctanoin
22372,5254.0,Levo-ornidazole,,,levo-ornidazole
18040,3584.0,terazosin HCl,,,terazosin hcl
9981,218.0,sulfralem,,,sulfralem
18519,4814.0,BI 1744,,,bi 1744
3955,631.0,cicaprost,1.0,,cicaprost
22252,5232.0,BIM-44058,,,bim-44058
7953,2696.0,tolumid,,,tolumid
2129,1834.0,monobenzone,1.0,,monobenzone
15085,965.0,emdisterone,,,emdisterone
2865,804.0,demexiptiline,1.0,,demexiptiline
25096,5686.0,jeselhy,,,jeselhy
8592,3544.0,vitaselenium,,,vitaselenium
1977,4072.0,vitamin c,,,vitamin c
1750,1906.0,niacinamide,,,niacinamide
4317,3830.0,sozoiodolic acid,1.0,,sozoiodolic acid
7019,2764.0,tresanil,,,tresanil
6499,2010.0,quiactin,,,quiactin
8565,393.0,brallobarbitone,,,brallobarbitone
112,2090.0,pentamidine isetionate,,,pentamidine isetionate
18187,4508.0,racepinephrine HCl,,,racepinephrine hcl
14024,4651.0,dimyristoyl glycerophosphocholine,,,dimyristoyl glycerophosphocholine
24425,5523.0,atgard,,,atgard
3691,1867.0,nafamostat,1.0,,nafamostat
7504,515.0,atriopeptin,,,atriopeptin
6191,3742.0,diquel,,,diquel
4476,2041.0,oxytetracycline,1.0,,oxytetracycline
24540,5563.0,EBL-1003,,,ebl-1003
15986,4758.0,canagliflozin,1.0,,canagliflozin
18227,607.0,chloroquine HCl,,,chloroquine hcl
7778,3368.0,myrophin,,,myrophin
22884,5332.0,AVXS-101,,,avxs-101
21771,5176.0,pegloticase,1.0,,pegloticase
24420,5522.0,mercaptobenzothiazole,,,mercaptobenzothiazole
15543,945.0,peridon,,,peridon
5858,2069.0,possipion,,,possipion
9651,25.0,ledakamycin,,,ledakamycin
12416,1176.0,flecainide acetate,,,flecainide acetate
24290,5503.0,difamilast,1.0,,difamilast
4158,297.0,bemetizide,1.0,,bemetizide
8607,2959.0,lysine vasopressin,,,lysine vasopressin
23323,5392.0,INCB-028060,,,incb-028060
23382,5402.0,C-DEC,,,c-dec
18306,3441.0,phenoperidine HCl,,,phenoperidine hcl
11645,446.0,buthiazide,,,buthiazide
17307,25.0,U-18496,,,u-18496
22460,4427.0,calcitonin (human),,,calcitonin (human)
4457,2815.0,verapamil,1.0,,verapamil
14906,3781.0,diseptal B ,1.0,,diseptal b 
2730,2750.0,trimetazidine,1.0,,trimetazidine
24776,5647.0,zolazepam,1.0,,zolazepam
9528,496.0,lodosyn,,,lodosyn
1168,1741.0,metazolamide,,,metazolamide
23007,5346.0,upadacitinib,1.0,,upadacitinib
21541,363.0,bezitramide monohydrochloride,,,bezitramide monohydrochloride
8705,4721.0,juxtapid,,,juxtapid
13372,4589.0,linsidomine,1.0,,linsidomine
4871,3063.0,capreomycin,1.0,,capreomycin
19030,1985.0,CS-866,,,cs-866
1546,2686.0,tocainide hydrochloride,,,tocainide hydrochloride
14205,800.0,chlorodesmethyldiazepam,,,chlorodesmethyldiazepam
17616,1448.0,iobenguane sulfate,,,iobenguane sulfate
2017,96.0,adrenalone,1.0,,adrenalone
6915,245.0,falcidol,,,falcidol
22899,5334.0,ODM-201,,,odm-201
1277,4809.0,macitentan,1.0,,macitentan
19550,4450.0,diphacinone,,,diphacinone
1914,891.0,dihydroxydibutyl ether,,,dihydroxydibutyl ether
15367,983.0,ecostatin,,,ecostatin
7999,377.0,alpha-Yutac,,,alpha-yutac
25201,5336.0,andexanet alfa (genetical recombination),,,andexanet alfa (genetical recombination)
14871,2171.0,acardi,,,acardi
23710,5445.0,melflufen,,,melflufen
14596,4113.0,effient,,,effient
9400,1879.0,oestrenolon,,,oestrenolon
5645,2259.0,"2,2-Diethyl-1,3-propanediol",,,"2,2-diethyl-1,3-propanediol"
10077,1540.0,lamitrin,,,lamitrin
6262,2740.0,trifluoperazin,,,trifluoperazin
8075,1959.0,17-Deacetylnorgestimate,,,17-deacetylnorgestimate
11617,4358.0,argimate,,,argimate
14981,2490.0,sulfadigesin,,,sulfadigesin
6396,1708.0,purimethol,,,purimethol
14541,1013.0,enoxacine,,,enoxacine
12785,1575.0,levalbuterol hydrochloride,,,levalbuterol hydrochloride
18162,2958.0,gonadorelin HCl,,,gonadorelin hcl
16358,3024.0,bevonium metilsulfate,,,bevonium metilsulfate
2001,3114.0,cloxyquin,,,cloxyquin
10948,249.0,hismanal,,,hismanal
10729,2956.0,aescin,,,aescin
6419,1626.0,malathine,,,malathine
5288,806.0,kalgut,,,kalgut
20463,2846.0,UK 109496,,,uk 109496
1830,1501.0,isosorbide,1.0,,isosorbide
9851,2862.0,leutrol,,,leutrol
1987,2114.0,phenacemide,1.0,,phenacemide
14147,608.0,histachlorylene,,,histachlorylene
24310,4577.0,raiatt MIBG-I 131,,,raiatt mibg-i 131
11191,1665.0,mefloquin,,,mefloquin
15297,174.0,aminokinuride,,,aminokinuride
2149,2739.0,triethylenemelamine,,,triethylenemelamine
13584,2519.0,sulfamonomethoxin,,,sulfamonomethoxin
25412,5729.0,A2693,,,a2693
8195,2122.0,mephenmetrazine,,,mephenmetrazine
3211,3642.0,vildagliptin,1.0,,vildagliptin
10064,229.0,lopidine,,,lopidine
11086,2119.0,phenethylazocine,,,phenethylazocine
16680,4878.0,GS-1101,,,gs-1101
9150,1871.0,naftazon,,,naftazon
24932,5608.0,propiopromazine hydrochloride,,,propiopromazine hydrochloride
4631,2576.0,teclozan,1.0,,teclozan
5577,3414.0,dimethanol urea,,,dimethanol urea
13673,2666.0,tiludronate,,,tiludronate
21261,5127.0,technetium (99mTc) arcitumomab,,,technetium (99mtc) arcitumomab
9288,2265.0,propitocaine,,,propitocaine
11924,4410.0,mozobil,,,mozobil
3362,2029.0,oxycodone,1.0,,oxycodone
11664,4363.0,chloroform,1.0,,chloroform
22500,5162.0,nadroparin,,,nadroparin
18567,4298.0,BMS-562247,,,bms-562247
21726,5174.0,xiidra,,,xiidra
16703,1354.0,halopredone acetate,1.0,,halopredone acetate
18561,2777.0,trovafloxacin mesilate,,,trovafloxacin mesilate
6235,2274.0,prochlorpemazine,,,prochlorpemazine
12952,502.0,carboprost tromethamine,,,carboprost tromethamine
17676,1366.0,hexamethonium dibromide dihydrate,,,hexamethonium dibromide dihydrate
536,294.0,rhinocort,,,rhinocort
8029,2429.0,(r)-selegiline,,,(r)-selegiline
5884,4193.0,piperaquine,1.0,,piperaquine
9982,218.0,tiopropen,,,tiopropen
2408,3741.0,etifelmin,,,etifelmin
22263,5237.0,sarilumab,1.0,,sarilumab
997,4830.0,BI 10773,,,bi 10773
1164,3726.0,sulfonatox,,,sulfonatox
15052,1729.0,methadyl acetate,,,methadyl acetate
8643,1543.0,Digilanide C,,,digilanide c
1893,2010.0,oxanamide,1.0,,oxanamide
649,1615.0,loxonin,,,loxonin
2600,900.0,dimemorfan,1.0,,dimemorfan
20650,1240.0,fos-amprenavir,,,fos-amprenavir
3459,2036.0,oxyphenbutazone,1.0,,oxyphenbutazone
18785,2150.0,phenyltoloxamine HCl,,,phenyltoloxamine hcl
17864,3404.0,oxamarin HCl,,,oxamarin hcl
4299,1848.0,mosapride,1.0,,mosapride
14389,159.0,aminaphthone,1.0,,aminaphthone
17631,186.0,amodiaquin dihydrochloride dihydrate,,,amodiaquin dihydrochloride dihydrate
3583,3798.0,norpipanone,1.0,,norpipanone
3063,2324.0,prozapine,1.0,,prozapine
3949,4113.0,prasugrel,1.0,,prasugrel
1646,2051.0,4-Aminosalicylic acid hydrazide,,,4-aminosalicylic acid hydrazide
83,2534.0,MK231,,,mk231
2481,155.0,amidephrine,,,amidephrine
15415,1077.0,dyscural,,,dyscural
19746,2811.0,vecuronium hydrochloride,,,vecuronium hydrochloride
5739,1711.0,reduced coenzyme M,,,reduced coenzyme m
14933,1034.0,vasocyclin,,,vasocyclin
22314,5245.0,FSH-CTP,,,fsh-ctp
14313,4678.0,oritavancin,1.0,,oritavancin
3446,3453.0,guaiapate,1.0,,guaiapate
18422,3153.0,dimethisoquin HCl,,,dimethisoquin hcl
13562,185.0,phenthiourezine,,,phenthiourezine
17862,2469.0,spiclomazine HCl,,,spiclomazine hcl
1761,1994.0,orazamide,1.0,,orazamide
20088,1196.0,flumatsynol,,,flumatsynol
22998,5343.0,turalio,,,turalio
21767,1051.0,erythromycin ethylsuccinate,,,erythromycin ethylsuccinate
13608,4618.0,linolenic acid,1.0,,linolenic acid
2208,3201.0,kainic acid,1.0,,kainic acid
4138,726.0,colchicine,1.0,,colchicine
17059,4924.0,keytruda,,,keytruda
18331,585.0,clofedanol HCl,,,clofedanol hcl
7335,1401.0,cholspasmin,,,cholspasmin
18733,2845.0,AO-128,,,ao-128
22013,5202.0,LY3009104,,,ly3009104
2484,1487.0,isoaminile,1.0,,isoaminile
3203,412.0,broxyquinoline,1.0,,broxyquinoline
10186,438.0,glyzophrol,,,glyzophrol
15204,819.0,deoxymethasone,,,deoxymethasone
314,4944.0,tenofovir alafenamide,1.0,,tenofovir alafenamide
7962,1825.0,aurorix,,,aurorix
6667,1966.0,norphenylephrine,,,norphenylephrine
11491,2517.0,sulfalene,1.0,,sulfalene
7427,2302.0,ampofol,,,ampofol
3926,1607.0,lorcainide,1.0,,lorcainide
18267,3553.0,stallimycin HCl,,,stallimycin hcl
19924,1190.0,fludiazepan,,,fludiazepan
4617,1414.0,idarubicin,1.0,,idarubicin
14696,2285.0,surgestone,,,surgestone
9798,1596.0,lomustin,,,lomustin
6032,2836.0,pyridoxine hydrochloride,,,pyridoxine hydrochloride
10257,2524.0,plurazol,,,plurazol
20764,5092.0,defibrotide sodium,,,defibrotide sodium
12614,2337.0,quetiapine fumarate,,,quetiapine fumarate
12362,2034.0,oxymorphone hydrochloride,,,oxymorphone hydrochloride
7062,1646.0,revertina,,,revertina
7643,3613.0,Tocofer 400,,,tocofer 400
7769,3975.0,Cyanidin 3-rutinoside,,,cyanidin 3-rutinoside
1251,2427.0,secnidazol,,,secnidazol
24479,5542.0,NSC-758895,,,nsc-758895
6149,2749.0,methylpromazine,,,methylpromazine
13109,2828.0,vinporal,,,vinporal
14746,4712.0,stibofen,,,stibofen
10609,627.0,L-alpha-Glycerophosphocholine,,,l-alpha-glycerophosphocholine
10650,3820.0,prednisolamate,1.0,,prednisolamate
13991,4642.0,vulvic acid,,,vulvic acid
9833,1369.0,barbidorm,,,barbidorm
10032,1498.0,nixyn,,,nixyn
1344,1118.0,votubia,,,votubia
7023,126.0,(+/-)-Alminoprofen,,,(+/-)-alminoprofen
10487,2527.0,norsulfazol,,,norsulfazol
22988,4468.0,spravato,,,spravato
25174,5705.0,roctavian,,,roctavian
6529,2695.0,imidaline,,,imidaline
1316,2346.0,quinidine sulfate dihydrate,,,quinidine sulfate dihydrate
24892,5674.0,detomidine hydrochloride,,,detomidine hydrochloride
