omopid,struct_id,species,relationship_type,concept_name
4067,2611,Chickens,Indication,Air sacculitis (air-sac disease chronic respiratory disease) caused by Mycoplasma gallisepticum
1751,5660,Dogs,Indication,Treatment and control of black-legged tick (Ixodes scapularis)
2035,5641,Dogs,Indication,"To treat the tapeworms, Dipylidium caninum"
2756,4265,Swine,Indication,PorcinEscherichia colibacillosis caused by Escherichia coli
1869,198,Cats,Indication,Urinary tract infections caused by Staphylococcus species
2044,3050,Cats,Indication,Surface bacterial infections of cutaneous ulcers
3392,3400,Horses,Indication,Stimulates infiltration of cellular blood components that subsequently differentiate into fibrous and/or fibrocartilaginous tissue
4082,2621,Cattle,Indication,"Control of infections of gastrointestinal roundworms, Haemonchus species"
3201,5580,Chickens,Indication,Prevention of coccidiosis caused by E brunetti
1911,198,Cattle,Indication,Bacterial pneumonia  caused by Klebsiella spp
3944,2501,Chickens,Indication,Coryza
2963,3972,Cats,Indication,Treatment of adult ear mite (Otodectes cynotis)
4235,2755,Horses,Indication,Systemic antibacterial action against sensitive organisms during treatment of acute strangles
3350,1897,Sheep,Indication,Antagonizes the effect of curare
2010,5598,Multiple Species,Indication,Facilitate the removal of necrotic tissue exudate and organic debris
2331,5672,Dogs,Indication,Postoperative pain and inflammation associated with dental surgery
3481,2041,Fish - Catfish,Indication,Bacterial hemorrhagic septicemia caused by Aeromonas hydrophila
3520,2042,Swine,Indication,Contracts smooth muscle cells of the mammary gland for milk letdown
2795,5553,Chickens,Indication,Prevention of coccidiosis caused by E mivati
4136,2633,Dogs,Indication,Anesthesia in short to moderately long surgical procedures
2602,5536,Chicken,Indication,Prevention of coccidiosis where severe exposure to coccidiosis from E brunette
2225,624,Turkeys,Indication,Hexamitiasis caused by Hexamita meleagridis
2099,555,Dogs,Indication,Skin infections  caused by Staphylococcus intermedius
2208,624,Chickens,Indication,Prevention of coccidiosis caused by E maxima
3227,5286,Cattle,Indication,"Treatment and control of gastrointestinal roundworms, Cooperia oncophora (adult and L4)"
2073,486,Dogs,Indication,Cough
2672,4548,Cats,Indication,Acute and chronic dermatoses of varying etiology
2224,624,Turkeys,Indication,Infectious synovitis caused by Mycoplasma
3237,5286,Cattle,Indication,"Treatment and control of mites, Chorioptes bovis"
2056,454,Cats,Indication,Pain associated with surgical procedures
3105,1582,Chickens,Indication,Complicated chronic respiratory disease (air sac infection)
2140,589,Dogs,Indication,Urinary tract infections
3354,1897,Swine,Indication,Stimulating skeletal muscle contractions
2624,4536,Cattle,Indication,"Removal and control of brown stomach wormd, Ostertagia ostertagi"
4023,2529,Dogs,Indication,Bacterial pneumonia
1816,192,Cats,Indication,Upper respiratory tract infections caused by Staphylococcus aureus
4038,2610,Cats,Indication,Acute otitis externa
3942,2501,Chickens,Indication,Coccidiosis
3705,2253,Horses,Indication,Inflammation
2551,5533,Cattle,Indication,"Treatment and control of grubs, Hypoderma lineatum|Treatment and control of grubs, H bovis)"
3555,2095,Dogs,Indication,General anesthesia
4284,4028,Cattle,Indication,To reduce incidence of liver abscesses
3585,2188,Dogs,Indication,"Removal of immature (fourth stage larvae) and adult hookworms, Uncinaria stenocephala"
2940,4962,Cattle,Indication,No use class stated or implied
2778,1331,Cats,Indication,"Fungal infections of the skin, hair, and claws caused by M canis"
3639,5606,Cats,Indication,Skin infections  caused by Pasteurella multocida
3470,2041,Chickens,Indication,Air sacculitis (air-sac disease chronic respiratory disease) caused by Mycoplasma gallisepticum
2615,5539,Dogs,Indication,"Removal of ascarids, Toxascaris leonina"
2450,912,Cattle,Indication,Control of estrus and ovulation in estrous cycling cattle that have a corpus luteum
4242,2762,Dogs,Indication,Antihistaminic therapy
2327,5670,Sheep,Indication,Coccidiosis caused by Eimeria ovinoidalis
2863,4213,Cats,Indication,Nonspecific pruritus
2729,1258,Cattle,Indication,Physiological parturient edema of the mammary gland and associated structures
3870,2502,Swine,Indication,Bacterial pneumonia caused by Pasteurella multocida
2311,760,Dogs,Indication,Chronic superficial keratitis (CSK)
2967,3972,Cattle,Indication,"Treatment and control of gastrointestinal nematodes, Trichostrongylus axei (adults and fourth-stage larvae)"
2030,5626,Dogs,Indication,Bacterial enteritis associated diarrhea
2677,4548,Dogs,Indication,Shock and shock-like states
3334,4247,Swine,Indication,Colibacillosis caused by Escherichia coli
3960,2501,Dogs,Indication,Soft tissue infections infections caused by Staphylococci
2989,3972,Cattle,Indication,Protection (14 days) from reinfection with H placei
2953,4962,Swine,Indication,No use class stated or implied
4190,5635,Dogs,Indication,"Removing of tapeworms, Dipylidium caninum"
4259,5640,Swine,Indication,Swine respiratory disease (SRD) associated with Pasteurella multocida
3402,5593,Chickens,Indication,Prevention of coccidiosis caused by E maxima
1918,198,Dogs,Indication,"Skin, Soft Tissue and Post-Surgical Infections  caused by hemolytic streptococci"
1817,192,Cats,Indication,Upper respiratory tract infections caused by Streptococcus spp
2981,3972,Cattle,Indication,"Treatment and control of sucking lice, Solenopotes capillatus"
3711,2274,Cats,Indication,Gastrointestinal disturbances associated with emotional stress
3357,5586,Chickens,Indication,Prevention of outbreaks of intestinal coccidiosis caused by E acervulina
3162,1700,Horses,Indication,"Local anesthetic for infiltration, nerve block, intra-articular and epidural anesthesia and topical and/or infiltration anesthesia of the laryngeal mucosa prior to ventriculectomy"
2579,1048,Chickens,Indication,Chronic respiratory disease caused by Mycoplasma gallisepticum
2405,5523,Horses,Indication,"Removal of bots, Gastrophilus intestinalis"
4088,2621,Horses,Indication,Control of pinworms of the genera Strongylus
2956,1500,Cats,Indication,Gastrointestinal disturbances associated with emotional stress
2374,851,Dogs,Indication,Selective coronary arteriography
3313,5584,Dogs,Indication,"Removal of hookworms, Uncinaria stenocephala"
3638,4206,Cattle,Indication,Treatment following intravenous fluid therapy
3557,2095,Dogs,Indication,Euthanasia
4221,2746,Dogs,Indication,Hyperadrenocorticism caused by adrenocortical tumor
2911,5556,Chicken,Indication,"Control of fecal worms, Heterakis gallinae"
3497,2041,Swine,Indication,Bacterial enteritis caused by Escherichia coli
2621,5539,Horses,Indication,"Removal of large strongyles,  S edentatus"
3967,2501,Dogs,Indication,Bacterial enteritis associated with Salmonellosis
2470,5528,Cattle,Indication,"Treatment and control of the gastrointestinal roundworms, Cooperia pectinata (Adults)"
2133,586,Horses,Indication,General anesthesia
3622,4246,Sheep,Indication,Secondary bacterial infections associated with topical ophthalmological conditions of the eye
2437,890,Dogs,Indication,Leptospirosis caused by Leptospira canicola
2980,3972,Cattle,Indication,Treatment and control of sucking lice Haematopinus eurysternus
2743,4265,Cats,Indication,Conjunctivitis
2786,1331,Dogs,Indication,"Fungal infections of the skin, hair, and claws caused by Epidermophyton floccosum"
2257,678,Cats,Indication,Dental infections caused by S intermedius
4198,2726,Cats,Indication,Inflammation and related disorders
2255,678,Cats,Indication,Deep wounds and abscesses caused by Bacteroides fragilis
4142,5628,Swine,Indication,Swine pneumonia caused by Actinobacillus pleuropneumoniae
3672,2247,Dogs,Indication,Inflammation
3485,2041,Fish - Freshwater-reared Salmonids,Indication,Coldwater disease associated with Flavobacterium psychrophilum
3664,2247,Cats,Indication,"Acute musculoskeletal inflammations such as bursitis, carpitis, and spondylitis"
3390,5589,Dogs,Indication,Pruritus associated with allergic dermatitis
2692,5545,Cattle,Indication,Pyrexia associated with acute bovine mastitis
1879,198,Cats,Indication,Gastrointestinal Infections caused by Escherichia coli
3728,2284,Dogs,Indication,Antiemetic prior to worming
4184,5635,Cats,Indication,"Removing of tapeworms, Echinococcus granulosus"
3458,2041,Cattle,Indication,Foot-rot caused by Spherophorus necrophorus
2463,5528,Cattle,Indication,"Treatment and control of the gastrointestinal roundworms, Ostertagia lyrata (Adults and fourth-stage larvae)"
2198,624,Cattle,Indication,Bacterial pneumonia caused by Pasteurella spp
2693,5545,Cattle,Indication,Inflammation in endotoxemia
1959,198,Dogs,Indication,Cellulitis caused by Proteus mirabilis
1775,103,Sheep,Indication,"Removal of barberpole worms, Haemonchus contortus"
3395,5591,Dogs,Indication,Bacterial infections
2645,4536,Horses,Indication,"Control of small strongyles,  Cylicostephanus species"
3995,2502,Chickens,Indication,Coccidiosis caused by Eimeria tenella
2893,1389,Dogs,Indication,Ear canker
4050,2610,Dogs,Indication,Inflammatory conditions of the external ear canal
3383,1974,Mustelids,Indication,Urinary infections caused by staphylococcal organisms
1887,198,Cats,Indication,Bronchopneumonia caused by Pasteurella spp
4078,5625,Dogs,Indication,"Removal of hookworms, Ancylostoma caninum (adult)"
3268,5286,Horses,Indication,"Treatment and control of Small Strongyles, Coronocyclus labiatus"
3916,2501,Cats,Indication,Respiratory genitourinary tract infections caused by Staphylococci
3569,2149,Dogs,Indication,Urinary incontinence caused by urethral sphincter hypotonus
4193,5636,Cattle,Indication,To improve feed efficiency
4315,5646,Turkeys,Indication,Coccidiosis
3665,2247,Cats,Indication,Supportive therapy in nonspecific dermatosis such as summer eczema and atopy
2603,3742,Dogs,Indication,Tranquilization
2427,5524,Turkeys,Indication,Coccidiosis caused by Eimeria meleagrimitis
3744,5608,Dogs,Indication,Severe dermatitis
3990,2502,Cattle,Indication,Necrotic pododermatitis (foot rot) caused by Fusobacterium necrophorum
3849,4782,Sheep,Indication,Prevention and treatment of selenium-tocopherol deficiency syndrome
3364,1950,Cats,Indication,Surface bacterial infections of burns
4188,5635,Dogs,Indication,"Removal of hookworms, Uncinaria stenocephala"
3965,2501,Dogs,Indication,Soft tissue infections infections caused by Shigella
2986,3972,Cattle,Indication,Protection (21 days) from reinfection with O ostertagi
3143,1641,Horses,Indication,"Treatment of infections caused by 4th larval stage pinworms, Oxyuris equi"
3330,4247,Horses,Indication,Superficial dressing applied to lacerations
2145,5150,Dogs,Indication,Urinary tract infections
1969,198,Horses,Indication,Skin and soft tissue infections  caused by Escherichia coli
3519,2042,Swine,Indication,Postoperatively following cesarean section to facilitate involution and resistance to the large inflow of blood
3949,2501,Dogs,Indication,Respiratory genitourinary tract infections caused by Klebsiella
1810,173,Cats,Indication,Reducing excessive smooth muscle contractions
2367,851,Cats,Indication,Arthrography
2328,5670,Sheep,Indication,Coccidiosis caused by E parva
2738,5549,Multiple Species,Indication,To restore circulatory volume and maintain blood pressure in animals being treated for shock
3123,5571,Chickens,Indication,Prevention of coccidiosis caused by Eimeria tenella
4003,2512,Cats,Indication,Urinary tract infections
2574,1048,Cattle,Indication,Mastitis caused by Streptococcus dysgalactiae
2275,678,Dogs,Indication,Osteomyelitis caused by C perfringens
3954,2501,Dogs,Indication,Enteric infections caused by Escherichia
3643,5606,Cats,Indication,Skin infections  caused by Staphylococcus pseudintermedius
2283,5664,Chickens,Indication,Prevention of coccidiosis caused by E mivati
3869,2502,Swine,Indication,Colibacillosis caused by Escherichia coli
3718,2279,Cattle,Indication,To increase rate of weight gain
3731,2284,Dogs,Indication,Minor operative procedures in conjunction with local anesthesia
1895,198,Cats,Indication,Pustular dermatitis caused by hemolytic streptococci
2394,863,Dogs,Indication,"Removal of hookworms, Uncinaria stenocephala"
3695,2246,Dogs,Indication,Inflammation
3293,5286,Sheep,Indication,Treatment and control of the adult and L4 larval stages of N spathiger
2464,5528,Cattle,Indication,"Treatment and control of the gastrointestinal roundworms, Haemonchus placei (Adults and fourth-stage larvae)"
3917,2501,Cats,Indication,Respiratory genitourinary tract infections caused by Escherichia
2285,5665,Cattle,Indication,Induction of luteolysis
2894,1389,Dogs,Indication,Inflammatory conditions of the external ear canal
4278,5642,Swine,Indication,Swine dysentery associated with Treponema hyodysenteriae
1786,105,Horses,Indication,Immediate relief of bronchospasm and bronchoconstriction associated with reversible airway obstruction
3376,1974,Chickens,Indication,Generalized staphylococcal infections
3675,2247,Dogs,Indication,Supportive therapy pre- and post-operatively
2164,624,Cattle,Indication,Bacterial enteritis caused by Salmonella spp
2561,5533,Cattle,Indication,"Treatment and control of grubs, H bovis"
4149,5629,Cattle,Indication,Bovine respiratory disease (BRD) associated with Histophilus somni
1997,281,Chickens,Indication,Increases egg productionduring the first seven months of production
2370,851,Cats,Indication,Delineating peritoneal hernias and fistulous tracts
3746,5608,Dogs,Indication,Controlling excessive kennel barking
3877,2468,Chickens,Indication,Prevention or control of losses caused by CRD associated with M gallisepticum (PPLO)
2410,5523,Horses,Indication,"Removal of large strongyles,  S edentatus"
1827,192,Cats,Indication,Skin and soft tissue infectionscaused by Pasteurella multocida
3462,2041,Cattle,Indication,Wooden tongue caused by Actinobacillus lignieresi
3333,4247,Sheep,Indication,Colibacillosis caused by Escherichia coli
2308,5667,Chickens,Indication,Control of cecal worm (Heterakis gallinae)
3001,3972,Horses,Indication,"Treatment and control of small strongyles, Cylicocyclus spp (adults)"
2861,4213,Cats,Indication,Allergic dermatoses
2436,890,Cattle,Indication,Leptospirosis caused by Leptospira pomona
2570,1048,Cats,Indication,Bacterial wound infections caused by Streptococcus species
3689,2247,Horses,Indication,Chronic otitis externa
3913,2500,Horses,Indication,Systemic antibacterial action against sensitive organisms during wound infections
3650,2241,Dogs,Indication,"Removal of cestodes, Taenia pisiformis"
2125,5663,Swine,Indication,Bacterial respiratory disease associated with Salmonella choleraesuis
4197,2726,Dogs,Indication,Dermatologic disorders
4018,5622,Turkeys,Indication,Coccidiosis caused by Eimeria adenoeides
2932,681,Horses,Indication,Diarrhea
3684,2247,Horses,Indication,Supportive therapy pre- and post-operatively
3301,1883,Horses,Indication,Soft tissue diseases of the musculoskeletal system
3262,5286,Horses,Indication,"Treatment and control of Small Strongyles, Cylicostephanus minutus"
4108,2621,Sheep,Indication,"Infections of gastrointestinal roundworms, Trichostrongylus species"
2510,953,Horses,Indication,Acceleration of awakening and return of reflexes after anesthesia
1995,281,Chickens,Indication,To increase rate of weight gain
2751,4265,Dogs,Indication,Respiratory tract infections
1951,198,Dogs,Indication,Abscesses  caused by Proteus mirabilis
2294,719,Cats,Indication,"Otitis externa caused by yeast, Malassezia pachydermatis"
3840,4198,Multiple Species,Indication,Restore circulatory volume and maintain blood pressure in animals being treated for shock
3291,5286,Sheep,Indication,Treatment and control of the adult and L4 larval stages of Nematodirus battus
4101,2621,Goats,Indication,"Infections of gastrointestinal roundworms, Cooperia species"
1756,103,Cattle,Indication,"Removal of heads and segments of tapeworms, Moniezia benedeni"
2260,678,Cats,Indication,Dental infections caused by B fragilis
2948,4962,Horses,Indication,Superficial dressing applied to minor cuts to reduce the inflammatory response
3952,2501,Dogs,Indication,Enteric infections caused by Streptococci
2952,4962,Horses,Indication,Superficial dressing for post-surgical application to reduce the inflammatory response
4135,2633,Cats,Indication,Anesthesia in short to moderately long surgical procedures
3056,5565,Chickens,Indication,Prevention of coccidiosis caused by E brunetti
3652,2241,Dogs,Indication,"Removal and control of cestode, Echinococcus multilocularis"
2091,526,Cats,Indication,Skin and soft tissue infections caused by Streptococcus species
1789,133,Dogs,Indication,Induction and maintenance of general anesthesia
3078,1561,Sheep,Indication,"Nematode infections, removal of stomach worms, Haemonchus"
2892,1389,Dogs,Indication,Chronic otitis externa
2616,5539,Horses,Indication,"Removal of large strongyles, Strongylus vulgaris"
3590,2188,Horses,Indication,Removal of large strongyles
2016,5603,Turkeys,Indication,To improve feed efficiency
4216,2742,Cats,Indication,Control psychomotor overactivity
2302,4931,Cattle,Indication,Stimulation of the adrenal cortex where there is a general deficiency of ACTH
3140,1641,Horses,Indication,"Treatment of infections caused by large strongyles, S equinus"
2888,1389,Cats,Indication,Allergic dermatoses
2680,5544,Cats,Indication,Acute and chronic dermatoses of varying etiology
2853,4213,Cats,Indication,Ear canker
3683,2247,Horses,Indication,Supportive therapy in nonspecific dermatosis such as summer eczema and atopy
1863,198,Cats,Indication,"Skin, Soft Tissue and Post-Surgical Infections  caused by Proteus mirabilis"
2259,678,Cats,Indication,Dental infections caused by C perfringens
2207,624,Chickens,Indication,Prevention of coccidiosis caused by E acervulina
3941,2501,Cattle,Indication,Necrotic pododermatitis (foot rot) caused by Fusobacterium necrophorum
3261,5286,Horses,Indication,"Treatment and control of Small Strongyles, Cylicostephanus longibursatus"
3030,3972,Sheep,Indication,"Treatment and control of the  gastrointestinal roundworms, Trichuris ovis (adults only)"
4143,5628,Swine,Indication,Swine dysentery associated with Treponema hyodysenteriae
3534,4459,Dogs,Indication,Bacterial infections
2017,5607,Horses,Indication,Tendinitis of the superficial digital flexor tendon (SDFT)
3676,2247,Dogs,Indication,Infectious allergic keratitis
2582,1048,Dogs,Indication,upper respiratory infections
4212,2742,Dogs,Indication,Anxiety
4303,5644,Cervidae,Indication,Preanesthesia to general local anesthesia
2199,624,Cattle,Indication,Bacterial pneumonia caused by Histophilus spp
2534,5532,Swine,Indication,Swine respiratory disease (SRD) associated with Bordetella bronchiseptica
2183,624,Swine,Indication,Reduction of the incidence of cervical abscesses
2041,3050,Cats,Indication,Surface bacterial infections of ears
1836,192,Cattle,Indication,Bovine mastitis caused by Staphylococcus aureus
4058,2610,Horses,Indication,Superficial dressing applied to lacerations
3303,5583,Chickens,Indication,Prevention of coccidiosis caused by Eimeria tenella
4037,4146,Cattle,Indication,To improve feed efficiency
2012,5603,Chickens,Indication,To improve feed efficiency
2532,5532,Swine,Indication,Swine respiratory disease (SRD) associated with Haemophilus parasuis
3813,5617,Cats,Indication,Kills adult fleas
3079,1561,Sheep,Indication,"Nematode infections, removal of intestinal worms, Trichostrongylus"
4251,5640,Cattle,Indication,Bovine respiratory disease (BRD) associated with  Pasteurella multocida
2124,5663,Swine,Indication,Bacterial respiratory disease associated with Pasteurella multocida
3988,2502,Cattle,Indication,Bovine respiratory disease complex caused by Pasteurella species
2766,4302,Dogs,Indication,Preanesthesia
1749,74,Dogs,Indication,Inflammation
2453,5526,Wildlife,Indication,To reverse the effects of etorphine hydrochloride
3609,4246,Cattle,Indication,Superficial ocular infections
3258,5286,Horses,Indication,"Treatment and control of Small Strongyles, Cyathostomum pateratum"
2135,3088,Fish - Walleye,Indication,External columnaris disease associated with Flavobacterium columnare
3975,5621,Cattle,Indication,Adjunctive therapy in septicemia accompanying metritis
3451,2041,Cats,Indication,Tonsillitis caused by Streptococcus hemolyticus
2611,5539,Dogs,Indication,"Removal of hookworms, Uncinaria stenocephala"
2684,5544,Dogs,Indication,Otitis externa in conjunction with topical medication
2872,4213,Dogs,Indication,Prevention of bacterial infections in cuts
3089,1561,Swine,Indication,"Nematode infections, removal of lungworms, Metastrongylus species"
4047,2610,Dogs,Indication,Acute otitis externa
2281,5664,Chickens,Indication,Prevention of coccidiosis caused by E maxima
3474,2041,Chickens,Indication,Infectious synovitis caused by Mycoplasma synoviae
1787,133,Cats,Indication,Induction and maintenance of general anesthesia
2790,1331,Horses,Indication,Ringworm infection caused by Trichophyton equinum
3504,2041,Turkeys,Indication,Cholera caused by Pasteurella multocida
3657,2245,Cats,Indication,Otitis externa
2719,3244,Fish,Indication,"Control of external protozoa, Epistylis species"
1862,198,Cats,Indication,"Skin, Soft Tissue and Post-Surgical Infections  caused by Escherichia coli"
2320,5670,Chickens,Indication,Coccidiosis caused by Eimeria necatrix
4083,2621,Cattle,Indication,"Control of infections of gastrointestinal roundworms, Nematodirus species"
2775,1331,Cats,Indication,"Fungal infections of the skin, hair, and claws caused by T interdigitale"
2301,4931,Cats,Indication,Stimulation of the adrenal cortex where there is a general deficiency of ACTH
3640,5606,Cats,Indication,Skin infections  caused by Streptococcus canis
3971,5621,Cattle,Indication,Respiratory infections
4226,2749,Dogs,Indication,Acute or chronic bacterial infections provided the infection is controlled by appropriate antibiotic or chemotherapeutic agents
2648,5540,Cattle,Indication,Estrus synchronization
3999,2502,Swine,Indication,Colibacillosis caused by Escherichia coli
3149,1655,Dogs,Indication,Minor surgical procedures not requiring muscle relaxation
3405,5593,Chickens,Indication,Prevention of bacterial infections caused by Haemophilus gallinarum
2376,851,Dogs,Indication,Lymphography
4126,3595,Sheep,Indication,General anesthesia
2305,4931,Dogs,Indication,Stimulation of the adrenal cortex where there is a general deficiency of ACTH
1797,157,Horses,Indication,Genital tract infections caused by Escherichia coli
4042,2610,Cats,Indication,"Dressing for minor cuts, lacerations, abrasions, and post-surgical therapy"
4282,5642,Turkeys,Indication,Infectious sinusitis associated with Mycoplasma gallisepticum
1861,5550,Dogs,Indication,Superficial abscesses associated with bacterial infections
3126,5571,Chickens,Indication,Prevention of coccidiosis caused by E necatrix
2315,5669,Cattle,Indication,Bovine respiratory disease (BRD) associated with Mannheimia haemolytica
2002,281,Swine,Indication,Enteritis caused by Clostridium perfringens
3816,5617,Cats,Indication,Prevention of heartworm disease caused by Dirofilaria immitis
2113,5663,Cattle,Indication,Subclinical mastitis associated with coagulase-negative staphylococci Streptococcus dysgalactiae
2764,1319,Cattle,Indication,Treatment following intravenous fluid therapy
3738,2294,Multiple Species,Indication,"For examination and treatment of painful otitis, and prior to catheterization"
2022,353,Dogs,Indication,Pruritus associated with dermatoses
1938,198,Dogs,Indication,Tonsillitis caused by Staphylococcus aureus
4203,5637,Cold Blooded Aquatic Animals,Indication,Temporary immobilization
4096,2621,Horses,Indication,Control of pinworms of the genera Strongyloides
2881,1389,Cats,Indication,Inflammatory conditions of the external ear canal
1877,198,Cats,Indication,Gastrointestinal Infections caused by Enterococcus spp
4032,5624,Dogs,Indication,Pain and inflammation associated with osteoarthritis
3854,2498,Dog,Indication,Iinfections caused by Escherichia coli
3599,5601,Cattle,Indication,Breeding disorders related to pituitary hypofunction
2947,4962,Horses,Indication,Treatment or adjunctive therapy of ear and skin conditions
3970,2501,Turkeys,Indication,Cholera
2525,5532,Cattle,Indication,Bovine respiratory disease (BRD) associated with Pasteurella multocida
4102,2621,Goats,Indication,"Infections of gastrointestinal roundworms, Nematodirus species"
2536,5532,Swine,Indication,Colibacillosis associated with Escherichia coli
2500,5528,Swine,Indication,"Treatment and control of mites, Sarcoptes scabiei var suis (Adults and Immature stages)"
2243,669,Cats,Indication,Urinary tract infections caused by Escherichia coli
2296,719,Dogs,Indication,Fungal infections caused by Trichophyton mentagrophytes
3966,2501,Dogs,Indication,Bacterial enteritis associated with coccidiosis
4307,2860,Cattle,Indication,To improve feed efficiency
2287,5665,Cattle,Indication,Treatment of unobserved estrus (undetected)
2655,5542,Dogs,Indication,Postoperative pain and inflammation associated with soft-tissue and orthopedic surgery
3378,1974,Ducks,Indication,Infectious serositis
3568,2145,Horses,Indication,Inflammatory conditions associated with a musculoskeletal system
4240,2762,Cats,Indication,Antihistaminic therapy
1968,198,Horses,Indication,Skin and soft tissue infections caused by Streptococcus spp
1770,103,Goats,Indication,Treatment of adult liver flukes (Fasciola hepatica)
4314,5646,Chickens,Indication,Coccidiosis
2945,4962,Dogs,Indication,Superficial dressing applied to abrasions to reduce the inflammatory response
3155,5576,Cattle,Indication,To increase rate of weight gain
3159,1676,Cats,Indication,Postoperative pain and inflammation associated with ovariohysterectomy
3101,1582,Bees,Indication,Control of American foulbrood (Paenibacillus larvae)
3701,2251,Dogs,Indication,Inflammation
3161,1676,Dogs,Indication,Pain and inflammation associated with osteoarthritis
2485,5528,Cattle,Indication,Protection (14 days) from reinfection with Cooperia oncophora
2913,5556,Swine,Indication,"Control of large roundworms, Ascaris suis"
3906,2500,Dogs,Indication,Control of bacterial infection during the treatment of acute respiratory tract infections
2817,1363,Dogs,Indication,Urinary tract infections
4081,2621,Cattle,Indication,"Control of infections of gastrointestinal roundworms, Trichostrongylus species"
3863,2502,Cattle,Indication,Acute mastitis caused by Streptococcus species
4186,5635,Dogs,Indication,"Removal of ascarids, Toxascaris leonina"
2404,5523,Dogs,Indication,"Removal of whipworms, Trichuris vulpis"
2823,1385,Cattle,Indication,Postparturient udder edema
3412,5593,Turkeys,Indication,Prevention of coccidiosis caused by E adenoeides
2338,824,Cats,Indication,Inflammation
2444,890,Swine,Indication,Leptospirosis caused by L grippotyphosa
2661,5543,Cattle,Indication,Bovine interdigital phlegmon associated with Bacteroides melaninogenicus
2859,4213,Cats,Indication,Prevention of bacterial infections in cuts
2280,5664,Chickens,Indication,Prevention of coccidiosis caused by E acervulina
3491,2041,Horses,Indication,No Use Class Stated Or Implied
3982,2510,Chickens,Indication,Cholera caused by Pasteurella multocida
3755,5609,Horses,Indication,Estrus control
3035,3972,Swine,Indication,"Treatment and control of gastrointestinal roundworms, Hyostrongylus rubidus (adults and fourth-stage larvae)"
3442,5595,Horses,Indication,"Removal and control of small strongyles, Cylicodontophorus spp"
3182,1800,Cats,Indication,Infections caused by Microsporum canis
2182,624,Sheep,Indication,Reducing the incidence of (vibrionic) abortion caused by Campylobacter fetus infection
4276,5642,Swine,Indication,Swine pneumonia caused by Pasteurella spp
4045,2610,Cats,Indication,Following ear trimming
3184,1800,Cats,Indication,Infections caused by Trichophyton mentagrophytes
3687,2247,Horses,Indication,Conjunctivitis
3797,5615,Quail,Indication,Prevention of coccidiosis caused by E dispersa
2347,3920,Horses,Indication,Inflammation
3509,2042,Cattle,Indication,Uterine contractor to precipitate and accelerate normal parturition and postpartum evacuation of uterine debris
2226,624,Turkeys,Indication,Control of complicating bacterial organisms associated with bluecomb
2855,4213,Cats,Indication,Allergy
3322,4247,Dogs,Indication,Bacterial diarrhea
1757,103,Cattle,Indication,"Removal of brown stomach worms, Ostertagia ostertagi (adult and 4th stage larvae)"
2869,4213,Dogs,Indication,Infectious skin conditions
1760,103,Cattle,Indication,"Removal of thread-necked intestinal worms, Nematodirus spathiger (adult and 4th stage larvae)"
1974,5557,Chickens,Indication,Prevention of coccidiosis
2398,5523,Cats,Indication,"Removal of intestinal roundworms, Toxascaris leonina"
3818,5617,Cats,Indication,"Treatment and control of roundworms, Toxocara cati"
4154,5630,Cats,Indication,Anesthesia combined with muscle relaxation
2741,4265,Cats,Indication,Skin and soft tissue infections
3312,5584,Dogs,Indication,"Removal of hookworms, Ancylostoma braziliense"
2557,5533,Cattle,Indication,"Treatment and control of mange mites, Sarcoptes scabiei"
3595,5600,Cattle,Indication,Clinical and subclinical mastitis caused by Staphylococcus species (Staphylococcus aureus)
2413,5523,Swine,Indication,"Removal of immature and/or fourth stage larvae of whipworms, Trichuris suis"
4087,2621,Horses,Indication,Control of strongyloides
2769,5552,Dogs,Indication,Pain and inflammation associated with osteoarthritis
2116,5663,Dogs,Indication,Urinary tract infections caused by Escherichia coli
3393,1990,Horses,Indication,Gastric ulcers
2827,1388,Cats,Indication,Inflammatory conditions of the external ear canal
3554,2095,Cats,Indication,General anesthesia
3810,5616,Dogs,Indication,Tick infestations with Ixodes scapularis (black-legged tick)
3009,3972,Horses,Indication,"Treatment and control of Hairworms, Trichostrongylus axei (adults)"
3278,5286,Horses,Indication,"Treatment and control of Stomach bots, Gasterophilus intestinalis (2nd and 3rd instars)"
3925,2501,Cats,Indication,Enteric infections caused by Salmonella
3347,1897,Sheep,Indication,Initiating peristalsis which causes evacuation of the bowel
3423,5594,Cattle,Indication,"Removal and control of nodular worm, Oesophagostomum radiatum (adult)"
4277,5642,Swine,Indication,Swine erysipelas caused by rhusiopathiae
3472,2041,Chickens,Indication,Cholera caused by Pasteurella multocida
1923,198,Dogs,Indication,Upper respiratory infections caused by Escherichia coli
3801,5616,Cats,Indication,Tick infestations with Ixodes scapularis (black-legged tick)
3803,5616,Cats,Indication,Treatment and control of tick infestations with Dermacentor variabilis (American dog tick)
2121,5663,Sheep,Indication,Respiratory disease associated with M haemolytica
3419,5594,Cattle,Indication,"Removal and control of small stomach worms, Trichostrongylus axei (adult)"
3528,4347,Cattle,Indication,Prophylaxis of bovine shipping fever
3427,5594,Cattle,Indication,"Removal and control of small intestinal worms, C surnabada (adult, L4)"
2548,5533,Cattle,Indication,"Treatment and control of gastrointestinal roundworms, Strongyloides papillosus (adults)"
2205,624,Chickens,Indication,Prevention of coccidiosis caused by Eimeria tenella
4026,5623,Chickens,Indication,Colibacillosis
2169,624,Cattle,Indication,Anaplasmosis caused by Anaplasma marginale
1903,198,Cats,Indication,Cellulitis caused by Proteus mirabilis
3266,5286,Horses,Indication,"Treatment and control of Small Strongyles, Cylicocyclus radiatusm"
3900,5620,Cattle,Indication,Acute metritis caused by Streptococcus species
3254,5286,Horses,Indication,"Treatment and control of Large Strongyles, Strongylus edentatus (adults and tissue stages)"
3281,5286,Sheep,Indication,Treatment and control of the adult and L4 larval stages of Haemonchus contortus
2521,5531,Cats,Indication,Treatment and control of roundworm infections caused by Toxocara cati (adults and fourth stage larvae)
4141,4930,Dogs,Indication,No Use Class Stated Or Implied
2325,5670,Goats,Indication,Coccidiosis caused by Eimeria christenseni
2792,5553,Chickens,Indication,Prevention of coccidiosis caused by E necatrix
3679,2247,Dogs,Indication,Otitis externa
3284,5286,Sheep,Indication,"Treatment and control of the gastrointestinal roundworms, Trichostrongylus axei (Adults and fourth-stage larvae)"
3847,4782,Horses,Indication,Prevention and treatment of selenium-tocopherol deficiency syndrome
2706,5547,Dogs,Indication,Treatment and control of tick infestations with Ixodes scapularis (black-legged tick)
1811,173,Cats,Indication,Urethral spasms associated with urolithiasis
1830,192,Cattle,Indication,Respiratory tract infections caused by P hemolytica
3819,5617,Cats,Indication,"Treatment and control of intestinal hookworms, infections with Ancylostoma tubaeforme"
3929,2501,Cats,Indication,Soft tissue infections infections caused by Streptococci
2203,624,Chickens,Indication,Infectious synovitis caused by Mycoplasma synoviae
3610,4246,Cattle,Indication,Infections caused by streptococci
2380,851,Dogs,Indication,Delineating peritoneal hernias and fistulous tracts
4244,2968,Swine,Indication,Synchronization of the time of insemination
3611,4246,Cattle,Indication,Infections caused by rickettsiae
1799,157,Horses,Indication,Genital tract infections caused by Klebsiella species
2215,624,Sheep,Indication,Reducing the incidence of (vibrionic) abortion caused by Campylobacter fetus infection
3066,5565,Turkeys,Indication,Prevention of coccidiosis caused by Eimeria meleagrimitis
3551,2083,Dogs,Indication,"Treatment of respiratory, urogenital, skin, and soft tissue infections and septicemia caused by pathogens"
2544,5533,Cattle,Indication,"Treatment and control of gastrointestinal roundworms, C surnabada (adult and L4)"
3098,1579,Dogs,Indication,Secondary bacterial infections caused by Micrococcus pyogenes var albus
3061,5565,Sheep,Indication,Prevention of coccidiosis caused by Eimeria ovina
4019,5622,Turkeys,Indication,Cholera caused by Pasteurella multocida
2246,669,Cats,Indication,Skin and soft tissue infections caused by Streptococcus spp
2201,624,Cattle,Indication,Reduction of the incidence of liver abscesses
4309,2860,Sheep,Indication,To improve feed efficiency
2242,669,Dogs,Indication,Skin and soft tissue infections caused by Pasteurella spp
2658,5543,Cattle,Indication,Bovine respiratory disease (BRD) associated with Pasteurella multocida
3192,5579,Dogs,Indication,Control of hookworm infections caused by Ancylostoma caninum
1947,198,Dogs,Indication,Infections of the anal gland caused by Staphylococcus spp
2117,5663,Dogs,Indication,Urinary Tract Infections caused by Proteus mirabilis
4041,2610,Cats,Indication,Inflammatory conditions of the external ear canal
3252,5286,Ferrets,Indication,Prevention of heartworm disease caused by Dirofilaria immitis
2261,678,Dogs,Indication,Skin infections  caused by coagulase-positive staphylococci
2917,5559,Cats,Indication,Ear mite infestations with Otodectes cynotis
2489,5528,Cattle,Indication,Protection (28 days) from reinfection with Oesophagostomum radiatum
3716,2279,Cattle,Indication,Advancement of first postpartum estrus
3080,1561,Sheep,Indication,"Nematode infections, removal of lungworms, Dictyocaulus"
2882,1389,Cats,Indication,Allergy
3398,5592,Horses,Indication,Soft tissue inflammation associated with the musculoskeletal system
1795,157,Dogs,Indication,Skin and soft tissue infections caused by Pseudomonas species
2994,3972,Horses,Indication,"Treatment and control of large strongyles, Strongylus vulgaris (adults)"
4268,5642,Cattle,Indication,Calf diphtheria caused by Fusobacterium necrophorum
3202,5580,Chickens,Indication,Prevention of coccidiosis caused by E mivati
3218,5582,Goats,Indication,"Removal and control of mature gastrointestinal nematodes, Trichostrongylus axei"
2538,5533,Cattle,Indication,"Treatment and control of gastrointestinal roundworms, Ostertagia ostertagi (adult and L4, including inhibited L4)"
2713,3244,Fish,Indication,"Control of external protozoan parasites, Bodo species"
2149,597,Cattle,Indication,Metritis
1750,5660,Dogs,Indication,"Kill adult fleas, Ctenocephalides felis"
2770,1331,Cats,Indication,"Fungal infections of the skin, hair, and claws caused by Trichophyton mentagrophytes"
2095,526,Dogs,Indication,Genitourinary tract infections caused by Staphylococcus aureus
3256,5286,Horses,Indication,"Treatment and control of Large Strongyles,Triodontophorus serratus (adults)"
4164,2666,Horses,Indication,Navicular syndrome
3280,5286,Horses,Indication,Suppresses strongyle egg production
4302,5644,Cervidae,Indication,Pain following injury or surgery
2299,731,Chickens,Indication,Control of early mortality associated with  Escherichia coli
3074,1561,Cattle,Indication,"Nematode infections, removal of intestinal worms, Bunostomum"
3160,1676,Cats,Indication,Postoperative pain and inflammation associated with castration
1953,198,Dogs,Indication,Pustular dermatitis caused by Escherichia coli
2987,3972,Cattle,Indication,Protection (21 days) from reinfection with T axei
2316,5669,Cattle,Indication,Bovine respiratory disease (BRD) associated with Pasteurella multocida
1945,198,Dogs,Indication,Pustular dermatitis caused by Staphylococcus spp
2072,5656,Dogs,Indication,Appetite stimulation
4073,2611,Swine,Indication,Bacterial pneumonia associated with Pasteurella species
2244,669,Cats,Indication,Skin and soft tissue infections caused by beta-lactamase producing Staphylococcus aureus
2400,5523,Dogs,Indication,Removal of Toxocara canis
2167,624,Cattle,Indication,Bacterial pneumonia caused by Klebsiella spp
2319,5670,Chickens,Indication,Coccidiosis caused by Eimeria tenella
1905,198,Cats,Indication,Infections of the anal gland caused by hemolytic streptococci
3097,1579,Dogs,Indication,Bacterial pulmonary infections caused by Staphylococcus aureus
3537,4459,Cattle,Indication,Mastitis caused by Streptococcus agalactiae
3747,2302,Cats,Indication,Anesthesia
2715,3244,Fish,Indication,"Control of external protozoa, Chilodonella species"
3502,2041,Turkeys,Indication,Iinfectious synovitis caused by Mycoplasma synoviae
2115,5663,Chickens,Indication,Control of early mortality associated with  Escherichia coli
3837,5196,Swine,Indication,Estrus induction
4206,1787,Horses,Indication,"Removal of bots, Gastrophilus intestinalis"
4120,3595,Cattle,Indication,General anesthesia
2681,5544,Dogs,Indication,Musculoskeletal conditions caused by inflammation of muscles or joints and accessory structures where permanent structural changes do not exist
2162,624,Cattle,Indication,Maintenance of weight gains in the presence of respiratory disease
3776,5611,Swine,Indication,To improve feed efficiency
4004,2512,Cats,Indication,Management of complications resulting from surgical manipulations of the urinary tract
2389,863,Dogs,Indication,"Removal of ascarids, Toxocara canis"
1898,198,Cats,Indication,Pustular dermatitis caused by Proteus mirabilis
2584,1048,Dogs,Indication,Bacterial wound infections caused by Staphylococcus species
2993,3972,Foxes,Indication,Ear mite (Otodectes cynotis) infestations
2674,4548,Dogs,Indication,Acute and chronic dermatoses of varying etiology
2810,1363,Cats,Indication,Skin infections
3984,2510,Turkeys,Indication,Cholera caused by Pasteurella multocida
4204,5637,Fish,Indication,Temporary immobilization
3166,3344,Dogs,Indication,Management of complications resulting from surgical manipulations of the urinary tract
2618,5539,Horses,Indication,"Removal of pinworms, Oxyuris equi (adult and 4th stage larva)"
3028,3972,Sheep,Indication,"Treatment and control of the adult and fourth-stage larvae of gastrointestinal roundworms, S papillosus (adults only)"
4299,5644,Cervidae,Indication,Sedation
2184,624,Swine,Indication,Bacterial swine enteritis
3219,5286,Cats,Indication,Prevention of heartworm disease caused by Dirofilaria immitis
2054,5654,Dogs,Indication,"Subcutaneous injection to treat infections with hookworms, Ancylostoma caninum"
2498,5528,Swine,Indication,"Treatment and control of kidneyworms, Stephanurus dentatus (Adults)"
3317,4247,Cats,Indication,Bacterial infections
3464,2041,Cattle,Indication,Wound infections caused by staphylococcal and streptococcal organisms
1977,5557,Pheasants,Indication,Prevention of coccidiosis caused by E phasiani
4290,5644,Cats,Indication,Sedation
4181,5635,Cats,Indication,"Removal of hookworms, Uncinaria stenocephala"
3805,5616,Dogs,Indication,"Kill adult fleas, Ctenocephalides felis"
3236,5286,Cattle,Indication,"Treatment and control of grubs, Hypoderma bovis"
3524,4347,Cattle,Indication,Bacterial pneumonia caused by Actinomyces pyogenes
4103,2621,Goats,Indication,"Infections of gastrointestinal roundworms, Bunostomom species"
4084,2621,Cattle,Indication,"Control of infections of gastrointestinal roundworms, Ostertagia species"
2096,5662,Cats,Indication,Skin infections  caused by Pasteurella multocida
2321,5670,Chickens,Indication,Coccidiosis caused by E mivati
2195,624,Cattle,Indication,Maintenance of weight gains in the presence of respiratory disease
3883,2468,Turkeys,Indication,Control of airsacculitis associated with M meleagridis
2905,3281,Fish,Indication,Control mortality caused by saprolegniasis
3977,5621,Swine,Indication,Pneumonia enteritis
2114,5663,Cattle,Indication,"Acute bovine interdigital necrobacillosis (foot rot, pododermatitis) associated with Bacteroides melaninogenicus"
4066,2611,Chickens,Indication,Synovitis caused by Mycoplasma synoviae
3686,2247,Horses,Indication,Traumatic keratitis
2152,597,Horses,Indication,Topical antiseptic for surface wounds
3730,2284,Dogs,Indication,Preanesthesia
2051,3050,Horses,Indication,Surface bacterial infections of burns
4159,5632,Cattle,Indication,Bovine respiratory disease (BRD) associated with Histophilus somni
4171,5634,Dogs,Indication,"Treatment of Patnaik grade II or III, recurrent, cutaneous mast cell tumors with or without regional lymph node involvement"
3536,4459,Cattle,Indication,Mastitis caused by Staphylococcus aureus
3777,5611,Swine,Indication,Increases carcass leanness
2446,906,Horses,Indication,Acute swelling caused by trauma
3246,5286,Cattle,Indication,Protection (42 days) from reinfection with D viviparus
1796,157,Dogs,Indication,Skin and soft tissue infections caused by Escherichia coli
2069,5655,Horses,Indication,"Control of small strongyles, Cylicobrachytus"
3764,2999,Horses,Indication,"Removal of large roundworms, Parascaris"
3139,1641,Horses,Indication,"Treatment of infections caused by large strongyles, Strongylus edentatus"
2571,1048,Cattle,Indication,Bovine respiratory disease (BRD) associated with Pasturella multiocida
2546,5533,Cattle,Indication,"Treatment and control of gastrointestinal roundworms, Bunostomum phlebotomum (adult and L4)"
1837,192,Dogs,Indication,Respiratory tract infection caused by Staphylococcus aureus
3158,1676,Cats,Indication,Postoperative pain and inflammation associated with orthopedic surgery
1738,73,Cats,Indication,"Control intractable animals during examination, treatment, grooming, x-ray and minor surgical procedures"
3567,2145,Dogs,Indication,Inflammatory conditions associated with a musculoskeletal system
2082,518,Dogs,Indication,Pain and inflammation associated with osteoarthritis
3031,3972,Sheep,Indication,"Treatment and control of the nasal bot, Oestrus ovis"
2079,5658,Chicken,Indication,Secondary bacterial organisms associated with chronic respiratory disease such as Escherichia coli
2867,4213,Dogs,Indication,Inflammatory conditions of the external ear canal
3606,4246,Cats,Indication,Inflammation associated with topical ophthalmological conditions of the eye
4233,2755,Dogs,Indication,Control of bacterial infection during the treatment of wound infections
2238,669,Dogs,Indication,Skin and soft tissue infections caused by beta-lactamase producing Staphylococcus aureus
2469,5528,Cattle,Indication,"Treatment and control of the gastrointestinal roundworms, Cooperia punctata (Adults and fourth-stage larvae)"
1744,73,Horses,Indication,"Controll fractious animals during examination,treatment, loading and transportation"
1908,198,Cats,Indication,Infections of the anal gland caused by Proteus mirabilis
1927,198,Dogs,Indication,Urinary Tract Infections caused by Escherichia coli
3455,2041,Cattle,Indication,Pneumonia and shipping fever complex associated with Pasteurella species
3253,5286,Horses,Indication,"Treatment and control of Large Strongyles, Strongylus vulgaris (adults and L4 / L5 arterial stages)"
4025,5623,Chickens,Indication,Disease caused or complicated by Escherichia coli
3399,5593,Chickens,Indication,Prevention of coccidiosis caused by Eimeria tenella
1962,198,Dogs,Indication,Infections of the anal gland caused by hemolytic streptococci
3835,5618,Chickens,Indication,Prevention of coccidiosis caused by E necatrix
2916,5558,Dogs,Indication,Noise aversion
3044,1523,Cats,Indication,Anesthesia in diagnostic or minor surgical procedures that do not require skeletal muscle relaxation
4022,2529,Cats,Indication,Bacterial enteritis
3997,2502,Chickens,Indication,Cholera caused by Pasteurella multocida
2838,1388,Dogs,Indication,Chronic otitis externa
4304,3659,Cervidae,Indication,To antagonize the effect of xylazine
3523,4347,Cattle,Indication,Bacterial pneumonia caused by Streptococcus spp
2992,3972,Dogs,Indication,Prevention of heartworm disease
3070,1561,Cattle,Indication,"Nematode infections, removal of intestinal worms, Trichostrongylus"
1890,198,Cats,Indication,Abscesses  caused by hemolytic streptococci
3386,1974,Turkeys,Indication,Generalized staphylococcal infections
3033,3972,Swine,Indication,"Treatment and control of gastrointestinal roundworms, Ascaris suum (adults and fourth-stage larvae)"
2944,4962,Dogs,Indication,Superficial dressing applied to lacerations to reduce the inflammatory response
3286,5286,Sheep,Indication,Treatment and control of the adult and L4 larval stages of T vitrines
3328,4247,Horses,Indication,Superficial dressing applied to minor cuts
1805,170,Dogs,Indication,Treatment of vomiting and/or diarrhea
3545,4459,Sheep,Indication,Bacterial pneumonia caused by Pasteurella multocida
2477,5528,Cattle,Indication,"Treatment and control of the eyeworms, Thelazia spp (Adults)"
4253,5640,Cattle,Indication,Bovine respiratory disease (BRD) associated with Mycoplasma bovis
4305,3659,Dogs,Indication,To antagonize the effect of xylazine
4195,2726,Dogs,Indication,Acute arthritis
1892,198,Cats,Indication,Abscesses  caused by Pasteurella spp
3094,1579,Dogs,Indication,Urinary tract infections caused by Streptococcus species
2312,760,Dogs,Indication,Pruritus associated with allergic dermatitis
1812,173,Dogs,Indication,Reducing excessive smooth muscle contractions
3661,2245,Dogs,Indication,Adjunctive therapy in various cough conditions
3723,2284,Cats,Indication,Antiemetic prior to worming
2249,669,Cats,Indication,Periodontal infections due aerobic and anaerobic bacteria
1881,198,Cats,Indication,Tonsillitis caused by hemolytic streptococci
2126,5663,Swine,Indication,Bacterial respiratory disease associated with Streptococcus suis
1917,198,Dogs,Indication,"Skin, Soft Tissue and Post-Surgical Infections  caused by Proteus mirabilis"
2796,5553,Chickens,Indication,Prevention of coccidiosis caused by E brunetti
3294,1857,Dogs,Indication,Bacterial infections of the skin caused by strains of Staphylococcus aureus
4006,2512,Dogs,Indication,Management of complications resulting from surgical manipulations of the urinary tract
3059,5565,Chukar Partridges,Indication,Prevention of coccidiosis caused by Eimeria legionensis
3025,3972,Sheep,Indication,"Treatment and control of the adult and fourth-stage larvae of gastrointestinal roundworms, O venulosum (adults only)"
3563,5597,Horses,Indication,"Removal of large strongyles, Strongylus vulgaris"
3396,5592,Dogs,Indication,Inflammation associated with ankylosing spondylitis
4246,5640,Cattle,Indication,Bovine foot rot (interdigital necrobacillosis) associated with Fusobacterium necrophorum
2923,5560,Horses,Indication,Babesiosis (piroplasmosis) caused by Babesia equi
4163,5632,Swine,Indication,Swine respiratory disease associated with Pasteurella multocida
3241,5286,Cattle,Indication,"Treatment and control of lice, Solenopotes capillatus"
3909,2500,Dogs,Indication,Control of bacterial infection during the treatment of abscesses
2020,349,Horses,Indication,Inflammatory joint conditions
4049,2610,Dogs,Indication,Ear canker
2763,1319,Cattle,Indication,Early treatment of scouring
4196,2726,Dogs,Indication,Allergic disorder
2366,851,Cats,Indication,Lymphography
3958,2501,Dogs,Indication,Enteric infections caused by Shigella
2193,624,Turkeys,Indication,Control of complicating bacterial organisms associated with bluecomb
3634,4519,Cattle,Indication,Early treatment of scouring
3023,3972,Sheep,Indication,"Treatment and control of the adult and fourth-stage larvae of gastrointestinal roundworms, C curticei"
3579,2171,Dogs,Indication,Use with concurrent therapy for congestive heart failure
2877,4213,Horses,Indication,No Use Class Stated Or Implied
4079,5625,Dogs,Indication,"Removal of hookworms, Uncinaria stenocephal (adult)"
2523,5532,Cats,Indication,Management of diseases associated with bacteria
2504,953,Cats,Indication,Stimulation of respiration following dystocia or caesarean section
1833,192,Cattle,Indication,Respiratory tract infections caused by Streptococci species and
1819,192,Cats,Indication,Gastrointestinal tract infections caused by Escherichia coli
3964,2501,Dogs,Indication,Soft tissue infections infections caused by Proteus
3558,2095,Horses,Indication,General anesthesia
2432,873,Dogs,Indication,Infection with Dirofilaria immitis (heartworm disease)
2213,624,Ducks,Indication,Cholera caused by Pasteurella multocida
2767,2958,Cattle,Indication,Reproductive synchrony programs
3046,1523,Primates,Indication,Anesthesia in diagnostic or minor surgical procedures that do not require skeletal muscle relaxation
2660,5543,Cattle,Indication,Bovine interdigital phlegmon associated with Fusobacterium necrophorum
3195,5579,Dogs,Indication,Removal and control of roundworms infections caused by Toxascaris leonine (adult)
2975,3972,Cattle,Indication,"Treatment and control of gastrointestinal nematodes, Bunostomum phlebotomum (adults and fourth-stage larvae)"
3887,4623,Dogs,Indication,Flea infestations  caused by Ctenocephalides felis
2108,5663,Cattle,Indication,Bovine respiratory disease (BRD) associated with Histophilus somni
1840,192,Dogs,Indication,Respiratory tract infections caused by Proteus mirabilis
3212,5582,Cattle,Indication,"Removal and control of the small intestine worms, Cooperia spp"
3745,5608,Dogs,Indication,"Minor surgery and prior to routine examinations, laboratory procedures and diagnostic procedures"
2936,4962,Cats,Indication,Superficial dressing applied to wounds to reduce the inflammatory response
1943,198,Dogs,Indication,Bronchopneumonia caused by Staphylococcus aureus
3647,2241,Cats,Indication,"Removal of cestodes, Dipylidium caninum"
3561,5597,Horses,Indication,"Removal of bots, Gastrophilus nasalis"
2720,3244,Fish,Indication,"Control of external protozoa,  Trichodina species"
4185,5635,Dogs,Indication,"Removal of ascarids, Toxocara canis"
2362,851,Cats,Indication,Aortography
2629,4536,Cattle,Indication,"Removal and control of hookworm, Bunostomum phlebotomum"
3540,4459,Cattle,Indication,Intramammary use to reduce the frequency of existing infection and to prevent new infections with Staphylococcus aureus
2999,3972,Horses,Indication,"Treatment and control of small strongyles, Coronocyclus spp (adults)"
1769,103,Cattle,Indication,"Removal of barberpole worms, H placei"
3981,2510,Chickens,Indication,Coccidiosis caused by Eimeria necatrix
4089,2621,Horses,Indication,Control of pinworms of the genera Cyathostomum Strongylus
4011,5622,Chickens,Indication,Coccidiosis caused by E acervulina
3853,2498,Dog,Indication,Infectious tracheobronchitis
1873,198,Cats,Indication,Upper respiratory infections caused by Staphylococcus aureus
3006,3972,Horses,Indication,"Treatment and control of small strongyles, (fourth-stage larvae)"
3273,5286,Horses,Indication,"Treatment and control of Encysted cyathostomes (Late L3 and L4, mucosal cyathostome larvae)"
3932,2501,Cats,Indication,Soft tissue infections infections caused by Salmonella
2300,4443,Swine,Indication,Anemia caused by iron deficiency
3084,1561,Sheep,Indication,"Nematode infections, removal of intestinal worms, Oesophagostomum"
3013,3972,Horses,Indication,"Treatment and control of Intestinal Threadworms, Strongyloides westeri (adults)"
3146,1655,Dogs,Indication,Sedation and analgesia
2580,1048,Chickens,Indication,Infectious coryza caused by Hemophilus gallinarum
4054,2610,Dogs,Indication,Following castrating operations
3668,2247,Cats,Indication,Traumatic keratitis
4053,2610,Dogs,Indication,Following ear trimming
2395,863,Dogs,Indication,"Removal of ascarids, Toxascaris leonina"
2773,1331,Cats,Indication,"Fungal infections of the skin, hair, and claws caused by T sulphurem"
3446,5595,Horses,Indication,"Removal and control of threadworms, Strongyloides westeri"
3148,1655,Dogs,Indication,To facilitate clinical procedures not requiring muscle relaxation
2895,1389,Dogs,Indication,Allergy
3953,2501,Dogs,Indication,Enteric infections caused by Staphylococci
4269,5642,Cattle,Indication,To reduce incidence of liver abscesses associated with Arcanobacterium pyogenes
1865,198,Cats,Indication,"Skin, Soft Tissue and Post-Surgical Infections  caused by Staphylococcus spp"
3895,5620,Cattle,Indication,Necrotic pododermatitis (foot rot) caused by Fusobacterium necrophorum
3142,1641,Horses,Indication,Treatment of infections caused by small strongyles
3193,5579,Dogs,Indication,Removal and control of roundworms infections caused by Toxocara canis (adult)
1975,5557,Pheasants,Indication,Prevention of coccidiosis caused by Eimeria colchici
3319,4247,Cats,Indication,Superficial ocular bacterial infections limited to the conjunctival or the anterior segment of the eye
3371,1950,Horses,Indication,Surface bacterial infections of skin ulcers and abscesses
4169,5633,Horses,Indication,"Removal of mature and immature pinworms,Oxyuris equi  (4th larval stage)"
3460,2041,Cattle,Indication,Bacterial enteritis caused by Salmonella typhimurium
2132,586,Cattle,Indication,Sedation
2634,4536,Cattle,Indication,"Removal and control of barberpole worms, H placei"
2266,678,Dogs,Indication,Dental infections caused by Staphylococcus aureus
2902,1389,Dogs,Indication,Infections associated with minor burns and wounds
2583,1048,Dogs,Indication,Endometritis and metritis
2631,4536,Cattle,Indication,"Removal and control of small intestinal worms, Cooperia punctata"
3048,5564,Cattle,Indication,To improve feed efficiency
3607,4246,Cats,Indication,Edema associated with topical ophthalmological conditions of the eye
3720,2279,Sheep,Indication,Estrus induction
3772,5610,Dogs,Indication,Lymphoma
3024,3972,Sheep,Indication,"Treatment and control of the adult and fourth-stage larvae of gastrointestinal roundworms, Oesophagostomum columbianum"
3794,5615,Chickens,Indication,Prevention of coccidiosis caused by E maxima
2377,851,Dogs,Indication,Arthrography
1916,198,Dogs,Indication,"Skin, Soft Tissue and Post-Surgical Infections  caused by Escherichia coli"
2342,824,Horses,Indication,Inflammation
3342,1897,Horses,Indication,Initiating peristalsis which causes evacuation of the bowel
3527,4347,Cattle,Indication,Blackleg (Clostridium chauvoei)
1845,192,Dogs,Indication,Soft tissue infections  caused by Staphylococcus aureus
3005,3972,Horses,Indication,
3950,2501,Dogs,Indication,Respiratory genitourinary tract infections caused by Proteus
3891,2481,Cattle,Indication,Bacterial enteritis caused by Salmonella spp
4249,5640,Cattle,Indication,Respiratory disease with high risk of developing BRD associated with M haemolytica
2388,863,Cats,Indication,"Removal of ascarids, Toxascaris leonina"
2350,5675,Cattle,Indication,Inflammation
3838,2439,Dogs,Indication,Induction and maintenance of general anesthesia
2594,1058,Cattle,Indication,To improve feed efficiency
2460,945,Horses,Indication,Prevention of fescue toxicosis in periparturient mares
3011,3972,Horses,Indication,"Treatment and control of bots, (oral and gastric stages) Gasterophilus spp"
3133,1641,Dogs,Indication,"Treatment of infections with roundworms, Toxocara canis"
2495,5528,Swine,Indication,"Treatment and control of gastrointestinal roundworms, Oesophagostomum quadrispinulatum (Adults)"
3962,2501,Dogs,Indication,Soft tissue infections infections caused by Salmonella
3251,5286,Dogs,Indication,"Treatment of infections with hookworm,  Unicinaria stenocephala"
2046,3050,Dogs,Indication,Surface bacterial infections of wounds
2531,5532,Swine,Indication,Swine respiratory disease (SRD) associated with Pasteurella multocida
2507,953,Dogs,Indication,To initiate respiration following dystocia or caesarean section
2501,953,Cats,Indication,Stimulation of respiration during and after general anesthesia
3842,4198,Multiple Species,Indication,Treatment following intravenous fluid therapy
2553,5533,Cattle,Indication,"Treatment and control of lice, Linognathus vituli"
3221,5286,Cats,Indication,"Treatment and control of intestinal roundworms, Toxocara cati"
3552,3424,Dogs,Indication,"Pain accompanying postoperative recovery, fracture, trauma, and spinal disorders"
3694,2246,Cats,Indication,Allergy and less severe stress conditions
3896,5620,Cattle,Indication,Diphtheria caused by Fusobacterium necrophorum
3831,5618,Chickens,Indication,Prevention of coccidiosis caused by Eimeria tenella
2490,5528,Cattle,Indication,Protection (28 days) from reinfection with Dictyocaulus viviparus
3039,3972,Swine,Indication,"Treatment and control of lice, Haematopinus suis"
4035,2607,Cattle,Indication,To improve feed efficiency
1924,198,Dogs,Indication,Upper respiratory infections caused by Proteus mirabilis
3937,2501,Cats,Indication,Bacterial enteritis associated with Salmonellosis
2958,1513,Cats,Indication,Dermatophytosis caused by Microsporum canis
1814,5535,Dogs,Indication,Generalized demodicosis caused by Demodex canis
1904,198,Cats,Indication,Cellulitis caused by Staphylococcus spp
2745,4265,Chickens,Indication,Prevention of early mortality caused by Escherichia coli
2025,4667,Dogs,Indication,Pruritus associated with dermatoses
3456,2041,Cattle,Indication,Pneumonia and shipping fever complex associated with Actinobacillus pleuropneumoniae
2849,1388,Dogs,Indication,Nonspecific pruritus
3725,2284,Cats,Indication,Minor operative procedures in conjunction with local anesthesia
4009,5622,Chickens,Indication,Coccidiosis caused by Eimeria tenella
2782,1331,Dogs,Indication,"Fungal infections of the skin, hair, and claws caused by T schoenleini"
2554,5533,Cattle,Indication,"Treatment and control of lice, Haematopinus eurysternus"
3077,1561,Cattle,Indication,"Nematode infections, removal of stomach worms, Ostertagia"
2008,281,Turkeys,Indication,To improve feed efficiency
2127,5663,Turkeys,Indication,Control of early mortality associated with  Escherichia coli
3425,5594,Cattle,Indication,"Removal and control of small intestinal worms, Cooperia punctata"
2960,3972,Cats,Indication,Prevents heartworm disease
2317,5670,Cattle,Indication,Coccidiosis caused by Eimeria bovis
4110,2621,Sheep,Indication,"Infections of gastrointestinal roundworms, Ostertagia species"
3404,5593,Chickens,Indication,Prevention of coccidiosis caused by E mivati
3344,1897,Horses,Indication,Stimulating skeletal muscle contractions
4068,2611,Chickens,Indication,Chronic respiratory disease (CRD or airsac disease) caused by Escherichia coli
3287,5286,Sheep,Indication,Treatment and control of the adult and L4 larval stages of Cooperia curticei
2228,5196,Cattle,Indication,Nymphomania caused by cystic ovaries
1939,198,Dogs,Indication,Bronchopneumonia caused by Escherichia coli
1807,170,Dogs,Indication,Acute abdominal visceral spasm
1851,192,Dogs,Indication,Bacterial dermatitis caused by Proteus mirabilis
3176,1768,Dogs,Indication,Inflammation and related disorders
4214,2742,Dogs,Indication,Pain and pruritus
3115,5567,Dogs,Indication,Treatment and control of tick infestations with Dermacentor variabilis (American dog tick)
3223,5286,Cattle,Indication,"Treatment and control of gastrointestinal roundworms, Ostertagia ostertagi (adult and L4, including inhibited larvae)"
2880,1389,Cats,Indication,Ear canker
2089,526,Cats,Indication,Skin and soft tissue infections caused by Pasteurella multocida
2646,4536,Horses,Indication,"Control of small strongyles, Triodontophorus species"
2484,5528,Cattle,Indication,"Treatment and control of lice, Sarcoptes scabiei"
4092,2621,Horses,Indication,Control of pinworms of the genera Craterostomum
2712,3244,Fish,Indication,"Control of external protozoa, Ichthyophthirius species"
4029,5623,Turkeys,Indication,Colibacillosis
3915,2501,Cats,Indication,Respiratory genitourinary tract infections caused by Streptococci
1852,192,Swine,Indication,PorcinEscherichia colibacillosis caused by Escherichia coli
3597,5600,Cattle,Indication,Clinical and subclinical mastitis caused by Streptococcus dysgalactiae
3646,2231,Horses,Indication,Poisoning caused by pesticides and chemicals of the organophosphate class which have anticholinesterase activity
2837,1388,Dogs,Indication,Acute otitis externa
2889,1389,Cats,Indication,Infections associated with minor burns and wounds
3339,1897,Cattle,Indication,Stimulating skeletal muscle contractions
3042,1519,Dogs,Indication,Bacterial infections
2155,3092,Cattle,Indication,Preservative for injectable solution
2187,624,Swine,Indication,Reduction in the incidence of cervical lymphadenitis (jowl abscesses) caused by group E Streptococci
2704,5546,Horses,Indication,Control the timing of estrus in estrous cycling and in clinically anestrous mares that have a corpus luteum
2864,4213,Dogs,Indication,Acute otitis externa
2176,624,Chickens,Indication,Prevention of coccidiosis caused by E brunetti
4040,2610,Cats,Indication,Ear canker
2221,624,Swine,Indication,Proliferative enteropathies (ileitis) caused by Lawsonia intracellularis
4112,2621,Sheep,Indication,"Infections of gastrointestinal roundworms, Nematodirus species"
2730,1258,Dogs,Indication,"Edema (pulmonary congestion, ascites) associated with cardiac insufficiency"
3662,2245,Dogs,Indication,Acute or chronic bacterial infections
1762,103,Cattle,Indication,"Removal of hookworms, Bunostomum phlebotomum (adult)"
4140,5627,Dogs,Indication,Dermatologic disorders associated with bacterial or candidal (Candida albicans) infections
1954,198,Dogs,Indication,Pustular dermatitis caused by hemolytic streptococci
1902,198,Cats,Indication,Cellulitis caused by Pasteurella spp
2676,4548,Dogs,Indication,Allergic states
3010,3972,Horses,Indication,"Treatment and control of Large mouth Stomach Worms, Habronema muscae (adults)"
3107,1582,Dogs,Indication,Infections caused by gram-positive organisms (streptococci and staphylococci)
2487,5528,Cattle,Indication,Protection (21 days) from reinfection with Ostertagia ostertagi
3228,5286,Cattle,Indication,"Treatment and control of gastrointestinal roundworms, C pectinata (adult)"
3535,4459,Cats,Indication,Bacterial infections
4317,5647,Dogs,Indication,Anesthesia
2732,1258,Horses,Indication,"Edema (pulmonary congestion, ascites) associated with cardiac insufficiency"
3588,2188,Horses,Indication,"Removal of bots, Gastrophilus species"
1864,198,Cats,Indication,"Skin, Soft Tissue and Post-Surgical Infections  caused by hemolytic streptococci"
4291,5644,Cats,Indication,Preanesthesia to general anesthesia
3669,2247,Cats,Indication,Conjunctivitis
2943,4962,Dogs,Indication,Superficial dressing applied to wounds to reduce the inflammatory response
3822,5617,Dogs,Indication,Flea infestations caused by Ctenocephalides felis
2003,281,Swine,Indication,Swine dysentery associated with Treponema hyodysenteriae
3833,5618,Chickens,Indication,Prevention of coccidiosis caused by E maxima
2053,5654,Dogs,Indication,"Subcutaneous injection to treat infections with whipworms, Trichuris vulpis"
3928,2501,Cats,Indication,Enteric infections caused by Shigella
3518,2042,Swine,Indication,Uterine contractor to precipitate and accelerate normal parturition and postpartum evacuation of uterine debris
3733,2284,Horses,Indication,Adjunctive therapy for tetanus
3740,5608,Cats,Indication,Tranquilization
4275,5642,Swine,Indication,To treat swine arthritis caused by Mycoplasma hyosynoviae
3648,2241,Cats,Indication,"Removal of cestodes, Taenia taeniaeformis"
2918,5559,Cats,Indication,Kills adult fleas
3503,2041,Turkeys,Indication,Air sacculitis (air-sac disease chronic respiratory disease) caused by Mycoplasma gallisepticum
1798,157,Horses,Indication,Genital tract infections caused by Pseudomonas species
2840,1388,Dogs,Indication,Inflammatory conditions of the external ear canal
2494,5528,Swine,Indication,"Treatment and control of gastrointestinal roundworms, Oesophagostomum dentatum (Adults, and fourth-stage larvae)"
3111,1582,Swine,Indication,Proliferative enteropathies (ileitis) caused by Lawsonia intracellularis
2876,4213,Dogs,Indication,Nonspecific pruritus
4070,2611,Dogs,Indication,Urinary tract infections caused by Staphylococcus species
3263,5286,Horses,Indication,"Treatment and control of Small Strongyles, including Cylicocyclus insigne"
2423,5524,Chickens,Indication,To reduce lesion scores and to improve performance and health of birds challenged with E maxima
3308,5583,Swine,Indication,To increase rate of weight gain
3767,2999,Swine,Indication,Prevention of establishment of nodular worms (Oesophagostomum) infections
3655,2245,Cats,Indication,Traumatic keratitis
2816,1363,Dogs,Indication,Respiratory tract infections
3855,2498,Dog,Indication,Infections caused by gram-positive and gram-negative organisms
3832,5618,Chickens,Indication,Prevention of coccidiosis caused by E acervulina
2276,690,Horses,Indication,Navicular syndrome
2236,666,Cattle,Indication,Followup treatment following intravenous fluid therapy
3892,2481,Chickens,Indication,Nonspecific infectious enteritis caused by bacteria
3566,5597,Horses,Indication,"Removal of pinworms, Oxyuris equi"
2524,5532,Cattle,Indication,Bovine respiratory disease (BRD) associated with Mannheimia haemolytica
3216,5582,Goats,Indication,"Removal and control of mature gastrointestinal nematodes, Haemonchus contortus"
3861,2502,Cattle,Indication,Diphtheria caused by Fusobacterium necrophorum
4051,2610,Dogs,Indication,Following amputation of dewclaw
1952,198,Dogs,Indication,Pustular dermatitis caused by hemolytic streptococci
3702,2251,Horses,Indication,Inflammation
3311,5584,Dogs,Indication,"Removal of hookworms, Ancylostoma caninum"
3374,1974,Cattle,Indication,Mastitis caused by Streptococcus agalactiae
2826,1388,Cats,Indication,Ear canker
3873,2468,Cattle,Indication,Respiratory disease associated with Mannheimia haemolytica
3959,2501,Dogs,Indication,Soft tissue infections infections caused by Streptococci
4125,3595,Horses,Indication,Anesthesia with short action
2566,1048,Cats,Indication,Bacterial pneumonia
3498,2041,Swine,Indication,Bacterial pneumonia caused by Pasteurella multocida
3091,1561,Swine,Indication,"Nematode infections, removal of kidney worms, Stephanurus dentatus"
4119,3595,Cats,Indication,Anesthesia with short action
2403,5523,Dogs,Indication,"Removal of hookworms,  Uncinaria stenocephala"
2814,1363,Cattle,Indication,Chronic bovine mastitis
2569,1048,Cats,Indication,Bacterial wound infections caused by Staphylococcus species
3112,1585,Dogs,Indication,Hypothyroidism
1753,5660,Dogs,Indication,Treatment and control of tick infestations with Amblyomma americanum (lone star tick)
2110,5663,Cattle,Indication,Subclinical mastitis associated with coagulase-negative staphylococci
2059,454,Horses,Indication,Pain associated with colic and postpartum pain
3868,2502,Chickens,Indication,Cholera caused by Pasteurella multocida
2874,4213,Dogs,Indication,Allergic dermatoses
2529,5532,Dogs,Indication,Diseases associated with bacteria
1839,192,Dogs,Indication,Respiratory tract infections caused by Escherichia coli
2647,5540,Cattle,Indication,Inducing abortion in feedlot heifers when pregnant 150 days or less
4210,1787,Rodents,Indication,Treatment of Syphacia obvelata (pinworm)
3110,1582,Swine,Indication,Mycoplasma pneumonia
4021,2529,Cats,Indication,Bacterial pneumonia
2819,1363,Dogs,Indication,Skin infections
2589,1048,Turkeys,Indication,Control of blue comb (nonspecific infectious enteritis)
2289,5665,Cattle,Indication,Treatment of luteal cysts
3629,3483,Dogs,Indication,"Otitis externa caused by yeast, Malassezia pachydermatis"
3118,5568,Cattle,Indication,Reducing ammonia emissions from animals and their waste
3750,2302,Cats,Indication,General anesthesia
3145,1650,Horses,Indication,Inflammatory diseases involving the musculoskeletal system
3352,1897,Swine,Indication,Initiating peristalsis which causes evacuation of the bowel
3992,2502,Cattle,Indication,Acute metritis caused by Streptococcus species
3102,1582,Cats,Indication,Infections caused by gram-positive organisms (streptococci and staphylococci)
2206,624,Chickens,Indication,Prevention of coccidiosis caused by E necatrix
3737,2294,Multiple Species,Indication,"Anesthetic in cauterization of corneal ulcers, minor surgery, removal of sutures from the cornea, removal of foreign bodies cornea"
2333,5672,Dogs,Indication,Postoperative pain and inflammation associated with orthopedic surgery
3299,1883,Horses,Indication,Pain and inflammation associated with arthritis
2897,1389,Dogs,Indication,Traumatic skin conditions
3938,2501,Cattle,Indication,Shipping fever complex
2537,5533,Cattle,Indication,"Treatment and control of gastrointestinal roundworms, (Haemonchus placei (adult and L4)"
3947,2501,Dogs,Indication,Respiratory genitourinary tract infections caused by Escherichia
3615,4246,Dogs,Indication,Edema associated with topical ophthalmological conditions of the eye
4274,5642,Honey Bees,Indication,To control American Foulbrood (Paenibacillus larvae)
2197,624,Cattle,Indication,Bacterial enteritis caused by Salmonella spp
3036,3972,Swine,Indication,"Treatment and control of gastrointestinal roundworms, Oesophagostomum species (adults and fourth-stage larvae)"
3617,4246,Horses,Indication,Inflammation associated with topical ophthalmological conditions of the eye
2369,851,Cats,Indication,Sialography
3034,3972,Swine,Indication,"Treatment and control of gastrointestinal roundworms, Ascarops strongylina (adults)"
4234,2755,Dogs,Indication,Control of bacterial infection during the treatment of abscesses
2346,3920,Dogs,Indication,Inflammation
3897,5620,Cattle,Indication,Colibacillosis caused by Escherichia coli
4065,2611,Cats,Indication,Urinary Tract Infections caused by Escherichia coli
3839,4142,Dogs,Indication,Otitis externa complicated by bacterial and fungal organisms
3690,4451,Cats,Indication,"Superficial ocular inflammations or infections limited to the conjunctiva or the anterior segment of the eye, such as those associated with allergic reactions or gross irritants"
3830,4274,Dogs,Indication,"Removing skin debris associated with dry eczema, seborrhea, and nonspecific dermatoses"
3092,2646,Dogs,Indication,Replacement therapy for diminished thyroid function
2189,624,Swine,Indication,Leptospirosis caused by Leptospira pomona
3206,5580,Turkeys,Indication,Prevention of coccidiosis caused by E gallopavonis
3543,4459,Horses,Indication,Strangles caused by Streptococcus equi
3117,5567,Dogs,Indication,Treatment and control of tick infestations with Rhipicephalus sanguineus (brown dog tick)
3135,1641,Dogs,Indication,Treatment of infections with Uncinaria stenocephala
4121,3595,Cattle,Indication,Anesthesia with short action
4014,5622,Chickens,Indication,Cholera caused by Pasteurella multocida
4217,2742,Cats,Indication,Pain and pruritus
2912,5556,Chicken,Indication,Control of capillary worms (Capillaria obsignata)
2565,5534,Dogs,Indication,Removal of Taenia pisiformis
2071,5655,Horses,Indication,"Control of small strongyles, Oesophagodontus"
2707,5547,Dogs,Indication,Treatment and control of tick infestations with Amblyomma americanum (lone star tick)
3426,5594,Cattle,Indication,"Removal and control of small intestinal worms, C oncophora"
3921,2501,Cats,Indication,Respiratory genitourinary tract infections caused by Shigella
2757,4265,Turkeys,Indication,Prevention of early mortality caused by Arizona paracolon infections
3577,5599,Cattle,Indication,Control of lone star ticks
2297,720,Cattle,Indication,Mastitis caused by Staphylococcus aureus
2787,1331,Dogs,Indication,"Fungal infections of the skin, hair, and claws caused by Microsporum gypseum"
1740,73,Cats,Indication,Control vomiting associated with motion sickness
2356,835,Dogs,Indication,Sedation and analgesia
2749,4265,Dogs,Indication,Acute and chronic otitis externa caused by bacteria
3250,5286,Dogs,Indication,Prevents infection by heartworm Dirofilaria immitis
2459,930,Horses,Indication,"Control of pinworms, Oxyuris equi"
3407,5593,Chukar Partridges,Indication,Prevention of coccidiosis caused by Eimeria kofoidi
1915,198,Cattle,Indication,Bacterial pneumonia  caused by  Escherichia coli
3231,5286,Cattle,Indication,"Treatment and control of gastrointestinal roundworms, C surnabada (adult and L4)"
4055,2610,Horses,Indication,Superficial dressing applied to minor cuts
4264,5642,Cattle,Indication,Necrotic pododermatitis (foot rot) caused by Fusobacterium necrophorum
3743,5608,Dogs,Indication,Car sickness
4295,5644,Dogs,Indication,Preanesthesia to general local anesthesia
3304,5583,Chickens,Indication,Prevention of coccidiosis caused by E acervulina
2217,624,Swine,Indication,Bacterial swine enteritis
3466,2041,Cattle,Indication,Reduction of the incidence of liver abscesses
1782,103,Sheep,Indication,"Removal of lungworms, Dictyocaulus filaria (adult and larval stages)"
2288,5665,Cattle,Indication,Treatment of mummified fetus
3632,3483,Dogs,Indication,Otitis externa associated with Enterococcus faecalis
3358,5586,Chickens,Indication,Prevention of outbreaks of intestinal coccidiosis caused by E maxima
3517,2042,Sheep,Indication,Postoperatively following cesarean section to facilitate involution and resistance to the large inflow of blood
3825,5617,Dogs,Indication,"Treatment and control of sarcoptic mange, Sarcoptes scabiei"
3365,1950,Cats,Indication,Surface bacterial infections of skin ulcers and abscesses
2965,3972,Cattle,Indication,"Treatment and control of gastrointestinal nematodes, Ostertagia ostertagi  (adults and fourth-stage larvae)"
2415,5523,Swine,Indication,"Removal of large roundworms, Ascaris suum"
4129,3595,Swine,Indication,Anesthesia with short action
3707,2267,Dogs,Indication,Epileptiform convulsions
4261,5640,Swine,Indication,Swine respiratory disease (SRD) associated with H parasuis
2549,5533,Cattle,Indication,"Treatment and control of gastrointestinal roundworms, Trichuris species (adults))"
3290,5286,Sheep,Indication,Treatment and control of the adult and L4 larval stages of O venulosum
3197,1832,Dogs,Indication,Otitis externa
3697,2246,Dogs,Indication,Shock
4097,2621,Horses,Indication,Control of ascarids of the genus Parascaris
3544,4459,Horses,Indication,Bacterial infections
2378,851,Dogs,Indication,Discography
2857,4213,Cats,Indication,Traumatic skin conditions
1979,5563,Swine,Indication,Control of colibacillosis caused by Escherichia coli
4199,2726,Cats,Indication,Acute arthritis
3432,5594,Horses,Indication,"Removal of large strongyles, Strongylus edentatus"
4178,5635,Cats,Indication,"Removal of ascarids, Toxocara canis"
1900,198,Cats,Indication,Cellulitis caused by hemolytic streptococci
3180,5577,Chickens,Indication,Control of hysteria
1772,103,Sheep,Indication,"Removal of heads and segments of common tapeworms, Moniezia expansa"
2528,5532,Dogs,Indication,Otitis externa complicated by bacterial and fungal organisms
2239,669,Dogs,Indication,Skin and soft tissue infections caused by Staphylococcus spp
2425,5524,Turkeys,Indication,Coccidiosis caused by Eimeria adenoeides
4288,3613,Sheep,Indication,Prevention and treatment of selenium-tocopherol deficiency syndrome
3841,4198,Multiple Species,Indication,Early treatment of scouring
3461,2041,Cattle,Indication,Bacterial enteritis caused by Escherichia coli
4130,2626,Cats,Indication,Anesthesia with ultrashort action
2354,835,Cats,Indication,Sedation and analgesia
2190,624,Swine,Indication,Reducing the incidence of (vibrionic) abortion caused by Campylobacter fetus infection
3471,2041,Chickens,Indication,Air sacculitis (air-sac disease chronic respiratory disease) caused by Escherichia coli
3172,1747,Horses,Indication,Reducing muscular spasms
4123,3595,Dogs,Indication,Anesthesia with short action
3843,4198,Multiple Species,Indication,Early treatment of scouring
3931,2501,Cats,Indication,Soft tissue infections infections caused by Escherichia
4228,2755,Dogs,Indication,Systemic antibacterial action against sensitive organisms to debridement
1901,198,Cats,Indication,Cellulitis caused by Escherichia coli
3341,1897,Horses,Indication,Rumen atony
2908,3281,Fish,Indication,Control mortality caused by external columnaris disease associated with Flavobacterium columnare (Flexibacter columnaris)
4116,2621,Sheep,Indication,"Infections of gastrointestinal roundworms, Oesophagostomum species"
2736,5548,Cattle,Indication,Bovine respiratory disease (BRD) associated with Histophilus somni
3698,2246,Horses,Indication,Inflammation
3351,1897,Swine,Indication,Rumen atony
2568,1048,Cats,Indication,Secondary infections associated with panleukopenia
3310,5584,Dogs,Indication,"Removal of ascarids, Toxascaris leonina"
4271,5642,Chickens,Indication,Air sacculitis (air-sac disease chronic respiratory disease) caused by Mycoplasma gallisepticum
4173,2695,Horses,Indication,"Treatment of Patnaik grade II or III, recurrent, cutaneous mast cell tumors with or without regional lymph node involvement"
2929,5561,Ducks,Indication,To increase rate of weight gain
2486,5528,Cattle,Indication,Protection (14 days) from reinfection with Haemonchus placei
3043,1523,Cats,Indication,Restraint
3003,3972,Horses,Indication,"Treatment and control of small strongyles, Cylicostephanus spp (adults)"
4114,2621,Sheep,Indication,"Infections of gastrointestinal roundworms, Strongyloides species"
2204,624,Chickens,Indication,Reduction of mortality caused by Escherichia coli infections
3972,5621,Cattle,Indication,Necrotic pododermatitis (foot rot) caused by Fusobacterium necrophorum
2212,624,Chickens,Indication,Chronic respiratory disease caused by Escherichia coli
2493,5528,Swine,Indication,"Treatment and control of gastrointestinal roundworms, Ascaris suum (Adults, and fourth-stage larvae)"
2202,624,Cattle,Indication,Anaplasmosis caused by Anaplasma marginale
1849,192,Dogs,Indication,Bacterial dermatitis caused by Staphylococcus aureus
3415,5593,Turkeys,Indication,Prevention of bacterial infections caused by Pasteurella multocida
4095,2621,Horses,Indication,Control of pinworms of the genera Oxyuris
3175,1768,Cats,Indication,Supportive therapy to antibacterial treatment of severe infections
3234,5286,Cattle,Indication,"Treatment and control of gastrointestinal roundworms, Nematodirus helvetianus (adult and L4)"
2270,678,Dogs,Indication,Dental infections caused by C perfringens
3292,5286,Sheep,Indication,Treatment and control of the adult and L4 larval stages of N filicollis
2141,589,Dogs,Indication,Bacterand enteritis
3067,5565,Turkeys,Indication,Prevention of coccidiosis caused by E gallopavonis
2038,432,Cats,Indication,Regional postoperative analgesia after onychocomy
3903,2500,Dogs,Indication,Systemic antibacterial action against sensitive organisms to debridement
2630,4536,Cattle,Indication,"Removal and control of threadnecked intestinal worms, Nematodirus helvetianus"
2462,5528,Cattle,Indication,"Treatment and control of the gastrointestinal roundworms, Ostertagia ostertagi (Inhibited fourth-stage larvae)"
3800,5616,Cats,Indication,Flea infestations
3956,2501,Dogs,Indication,Enteric infections caused by Klebsiella
1987,5585,Swine,Indication,Diarrhea caused by Escherichia coli
3815,5617,Cats,Indication,Flea infestations  caused by Ctenocephalides felis
